dataset,window,episode,row,step,x,height,pitch,action,healthy,expected_healthy,x_velocity,frame_velocity_from_preceding_transition,expected_x_velocity,velocity_abs_error,cost,expected_cost,terminated,truncated,expected_terminated,successor_available,healthy_matches,cost_matches,velocity_matches,termination_matches
setA.h5,head,0,0,0,0.0014090272671813233,1.2529332048432864,-0.004535656396250586,"[-0.533805787563324, -0.10974626243114471, 0.7887441515922546, 1.0, 1.0, -0.08811688423156738]",1,1,0.07764306512520434,,0.07764306512520434,0.0,0,0,0,0,0,True,True,True,True,True
setA.h5,head,0,1,1,0.002030171788182958,1.2520859927916344,-0.0032594743561832843,"[-0.6420034766197205, 0.15375502407550812, -0.5794212818145752, 1.0, 0.8217142224311829, 0.3474380373954773]",1,1,0.18866089148818557,0.07764306512520434,0.18866089148818557,0.0,0,0,0,0,0,True,True,True,True,True
setA.h5,head,0,2,2,0.0035394589200884426,1.2502587024657121,0.0026757219487689218,"[-0.6504822969436646, -0.19646026194095612, 0.1634306162595749, 1.0, 1.0, -0.39503929018974304]",1,1,0.12214325143888427,0.18866089148818557,0.12214325143888427,0.0,0,0,0,0,0,True,True,True,True,True
setA.h5,head,0,3,3,0.004516604931599517,1.2481623461425204,0.006804037622526554,"[-0.5386649370193481, -0.0881185531616211, -0.20728227496147156, 0.8502025008201599, 1.0, 0.270837664604187]",1,1,0.04211200031109519,0.12214325143888427,0.04211200031109519,0.0,0,0,0,0,0,True,True,True,True,True
setA.h5,head,0,4,4,0.004853500934088278,1.2455858907418758,0.007070198262937016,"[-0.3150567412376404, 0.1152995228767395, -0.2503955066204071, 1.0, 1.0, -0.13733181357383728]",1,1,-0.0027099385165956467,0.04211200031109519,-0.0027099385165956467,0.0,0,0,0,0,0,True,True,True,True,True
setA.h5,head,0,5,5,0.004831821425955513,1.242629945352332,0.005484985709665468,"[-0.020219963043928146, 0.33360859751701355, 0.3266858458518982, 0.9805653691291809, 1.0, -0.0023261085152626038]",1,1,-0.01523875838302976,-0.0027099385165956467,-0.01523875838302976,0.0,0,0,0,0,0,True,True,True,True,True
setA.h5,head,0,6,6,0.004709911358891275,1.2390890831572443,0.003554967395022653,"[-0.22610878944396973, 0.3003810942173004, -0.3362128734588623, 0.8493602871894836, 0.9019099473953247, 0.19032010436058044]",1,1,-0.014552768684928025,-0.01523875838302976,-0.014552768684928025,0.0,0,0,0,0,0,True,True,True,True,True
setA.h5,head,0,7,7,0.004593489209411851,1.2347831855560412,0.001122627687062306,"[0.24224969744682312, 0.7491015195846558, 0.13733524084091187, 0.9767099022865295, 0.850529670715332, -0.2698262333869934]",1,1,-0.022877546461751858,-0.014552768684928025,-0.022877546461751858,0.0,0,0,0,0,0,True,True,True,True,True
setA.h5,head,0,8,8,0.004410468837717836,1.2300446944531165,-0.0012709960207414371,"[0.126005157828331, 0.6731203198432922, -0.03001575544476509, 0.6428496837615967, 0.7011361718177795, 0.4341467320919037]",1,1,-0.010165423742167895,-0.022877546461751858,-0.010165423742167895,0.0,0,0,0,0,0,True,True,True,True,True
setA.h5,head,0,9,9,0.004329145447780493,1.2244689344622977,-0.00356098190132929,"[0.29582324624061584, 1.0, -0.033504873514175415, 0.8702484965324402, 0.7978386282920837, -0.48568713665008545]",1,1,-0.01087996028301748,-0.010165423742167895,-0.01087996028301748,0.0,0,0,0,0,0,True,True,True,True,True
setA.h5,head,0,10,10,0.004242105765516353,1.2183452603622675,-0.005709328454559132,"[0.1530577391386032, 0.8268165588378906, 0.18368549644947052, 0.7468257546424866, 0.6788121461868286, 0.688008189201355]",1,1,0.004519275488887049,-0.01087996028301748,0.004519275488887049,0.0,0,0,0,0,0,True,True,True,True,True
setA.h5,head,0,11,11,0.004278259969427449,1.2113298148706502,-0.007722453856476287,"[0.4210140109062195, 1.0, 0.15987227857112885, 0.8793201446533203, 0.7978106141090393, -0.5996943712234497]",1,1,0.02932600859575842,0.004519275488887049,0.02932600859575842,0.0,0,0,0,0,0,True,True,True,True,True
setA.h5,head,0,12,12,0.004512868038193517,1.2046982246938875,-0.009312809865027057,"[-0.05486466735601425, 0.9644029140472412, 0.09004735201597214, 0.8830811381340027, 0.7482060194015503, 1.0]",1,1,0.12310448147114005,0.02932600859575842,0.12310448147114005,0.0,0,0,0,0,0,True,True,True,True,True
setA.h5,head,0,13,13,0.005497703889962637,1.2018406522343694,-0.009443399410121945,"[0.19146516919136047, 1.0, 0.9725826382637024, 1.0, 1.0, 0.3503991961479187]",1,1,0.3434985169863,0.12310448147114005,0.3434985169863,0.0,0,0,0,0,0,True,True,True,True,True
setA.h5,head,0,14,14,0.008245692025853037,1.2009965283145754,-0.006054344864704671,"[0.319744348526001, 0.7417962551116943, 0.9435974359512329, 0.9571074843406677, 0.6955165863037109, 0.7393916845321655]",1,1,0.5849647116683231,0.3434985169863,0.5849647116683231,0.0,0,0,0,0,0,True,True,True,True,True
setA.h5,head,0,15,15,0.012925409719199622,1.2009744048758595,0.001260060676726479,"[0.42213183641433716, 0.6349871158599854, 1.0, 0.7407702207565308, 0.33329182863235474, 0.49648404121398926]",1,1,0.8055408039173628,0.5849647116683231,0.8055408039173628,0.0,0,0,0,0,0,True,True,True,True,True
setA.h5,head,0,16,16,0.019369736150538525,1.2012880630348788,0.012051128057819327,"[0.49127283692359924, 0.8573349118232727, 1.0, 0.6575601100921631, 0.27699708938598633, 0.4115869104862213]",1,1,0.9947157911145954,0.8055408039173628,0.9947157911145954,0.0,0,0,0,0,0,True,True,True,True,True
setA.h5,head,0,17,17,0.027327462479455288,1.2021574814602571,0.025334473263321243,"[0.6543641686439514, 0.6882115006446838, 0.7777418494224548, 0.6185874342918396, 0.2900145351886749, 0.5681824684143066]",1,1,1.0263600810918148,0.9947157911145954,1.0263600810918148,0.0,0,0,0,0,0,True,True,True,True,True
setA.h5,head,0,18,18,0.035538343128189806,1.205045426611975,0.0399405950170704,"[0.6318747997283936, 0.7349485754966736, 0.6836800575256348, 0.8392720818519592, 0.3357151746749878, 0.553365170955658]",1,1,1.0052667425565514,1.0263600810918148,1.0052667425565514,0.0,0,0,0,0,0,True,True,True,True,True
setA.h5,head,0,19,19,0.043580477068642216,1.209306688885502,0.055492635755536805,"[0.6888225674629211, 0.9817321300506592, 0.689617931842804, 0.9314857125282288, -0.32414793968200684, 0.09620486944913864]",1,1,0.9433007233322719,1.0052667425565514,0.9433007233322719,0.0,0,0,0,0,0,True,True,True,True,True
setA.h5,head,0,20,20,0.05112688285530039,1.2145226322521092,0.07216284178741593,"[0.5274187326431274, 0.48260697722435, 0.0758761465549469, 0.6163163781166077, -0.4507763683795929, -0.06145266070961952]",1,1,0.9251262196089699,0.9433007233322719,0.9251262196089699,0.0,0,0,0,0,0,True,True,True,True,True
setA.h5,head,0,21,21,0.05852789261217215,1.2196300019060882,0.0891885962634836,"[0.5503915548324585, 0.0016237895470112562, -0.2900700271129608, 0.2918767035007477, -0.18319374322891235, -0.227726548910141]",1,1,0.8773848742964886,0.9251262196089699,0.8773848742964886,0.0,0,0,0,0,0,True,True,True,True,True
setA.h5,head,0,22,22,0.06554697160654406,1.2244762816603985,0.10544993510981103,"[0.278929203748703, -0.13984811305999756, -0.14681190252304077, 0.4086838364601135, -0.09205181896686554, -0.2983072102069855]",1,1,0.8463636485605188,0.8773848742964886,0.8463636485605188,0.0,0,0,0,0,0,True,True,True,True,True
setA.h5,head,0,23,23,0.07231788079502821,1.229146493017634,0.12282557864573357,"[0.20879076421260834, -0.07040978968143463, -0.14229954779148102, 0.4902733564376831, 0.06001657992601395, -0.41757336258888245]",1,1,0.8480356460312949,0.8463636485605188,0.8480356460312949,0.0,0,0,0,0,0,True,True,True,True,True
setA.h5,tail,0,976,976,13.497732018311112,1.1335922525197082,0.0345747125019239,"[0.9161469340324402, -0.34684282541275024, 0.2933434247970581, 0.6435717940330505, 1.0, 1.0]",1,1,1.890151132990292,1.8989662136936758,1.890151132990292,0.0,0,0,0,0,0,True,True,True,True,True
setA.h5,tail,0,977,977,13.512853227375034,1.1360266934467793,0.06537618584943905,"[0.8551377654075623, -0.13961364328861237, -0.33450767397880554, 0.4193677008152008, 1.0, 1.0]",1,1,1.8930931276317509,1.890151132990292,1.8930931276317509,0.0,0,0,0,0,0,True,True,True,True,True
setA.h5,tail,0,978,978,13.527997972396088,1.1375951315736605,0.09654310877870372,"[0.9049820899963379, -0.12448933720588684, 0.43730980157852173, 0.6247310042381287, 1.0, 1.0]",1,1,1.9294620092362713,1.8930931276317509,1.9294620092362713,0.0,0,0,0,0,0,True,True,True,True,True
setA.h5,tail,0,979,979,13.543433668469978,1.1382121586959333,0.1296244870110489,"[0.8730672001838684, -0.3721083998680115, -0.36050212383270264, 0.23864789307117462, 1.0, 1.0]",1,1,1.914176113236854,1.9294620092362713,1.914176113236854,0.0,0,0,0,0,0,True,True,True,True,True
setA.h5,tail,0,980,980,13.558747077375873,1.1377893938562444,0.16250056703956653,"[1.0, 0.20342282950878143, 0.6256911754608154, 0.44431212544441223, 1.0, 1.0]",1,1,1.9346096533801038,1.914176113236854,1.9346096533801038,0.0,0,0,0,0,0,True,True,True,True,True
setA.h5,tail,0,981,981,13.574223954602914,1.1361993193863293,0.19671075718693187,"[0.9745240211486816, -0.6286914348602295, -0.5356735587120056, 0.11789088696241379, 1.0, 1.0]",1,1,1.9018923763061135,1.9346096533801038,1.9018923763061135,0.0,0,0,0,0,0,True,True,True,True,True
setA.h5,tail,0,982,982,13.589439093613363,1.1335361177046621,0.23022228003608042,"[1.0, 0.44066765904426575, 0.7179912328720093, 0.41859883069992065, 1.0, 1.0]",1,1,1.8983416234550354,1.9018923763061135,1.8983416234550354,0.0,0,0,0,0,0,True,True,True,True,True
setA.h5,tail,0,983,983,13.604625826601003,1.1297411028606537,0.26430585293886916,"[1.0, -0.7031338810920715, -0.7469378113746643, -0.15824386477470398, 1.0, 1.0]",1,1,1.8640256714488324,1.8983416234550354,1.8640256714488324,0.0,0,0,0,0,0,True,True,True,True,True
setA.h5,tail,0,984,984,13.619538031972594,1.1249781157897831,0.2975044429408448,"[1.0, 0.588074266910553, 0.8999021053314209, 0.4730241894721985, 1.0, 1.0]",1,1,1.8882728755651446,1.8640256714488324,1.8882728755651446,0.0,0,0,0,0,0,True,True,True,True,True
setA.h5,tail,0,985,985,13.634644214977115,1.1191758575284232,0.33111812074228175,"[1.0, -0.918105959892273, -1.0, -0.06130882725119591, 0.9326528906822205, 0.6798001527786255]",1,1,2.079358478164206,1.8882728755651446,2.079358478164206,0.0,0,0,0,0,0,True,True,True,True,True
setA.h5,tail,0,986,986,13.651279082802429,1.1126721697382163,0.365696369788082,"[0.973198652267456, 0.30082911252975464, 0.5800372958183289, 0.697584867477417, 1.0, 0.2916145622730255]",1,1,2.2029083965449114,2.079358478164206,2.2029083965449114,0.0,0,0,0,0,0,True,True,True,True,True
setA.h5,tail,0,987,987,13.668902349974788,1.1059289572411672,0.40001109623099734,"[1.0, -0.7324285507202148, -0.9718236327171326, 0.2744433283805847, 0.8796721696853638, -0.1473771333694458]",1,1,2.3046297738624766,2.2029083965449114,2.3046297738624766,0.0,0,0,0,0,0,True,True,True,True,True
setA.h5,tail,0,988,988,13.687339388165688,1.0992256664190676,0.4353781685407612,"[0.4484378397464752, 0.1601230353116989, 0.37429651618003845, 1.0, 0.8790817856788635, -0.06457360833883286]",1,1,2.175175933975204,2.3046297738624766,2.175175933975204,0.0,0,0,0,0,0,True,True,True,True,True
setA.h5,tail,0,989,989,13.70474079563749,1.0933327099525618,0.461032741167895,"[0.6042153239250183, 0.18247714638710022, 0.01699691265821457, 1.0, 0.7752825617790222, -0.623977780342102]",1,1,2.1163190578694646,2.175175933975204,2.1163190578694646,0.0,0,0,0,0,0,True,True,True,True,True
setA.h5,tail,0,990,990,13.721671348100445,1.087942418774467,0.4811977397540221,"[0.37755852937698364, 0.08040139079093933, -0.26771607995033264, 1.0, 0.3894613981246948, -0.25553232431411743]",1,1,2.058660021068137,2.1163190578694646,2.058660021068137,0.0,0,0,0,0,0,True,True,True,True,True
setA.h5,tail,0,991,991,13.73814062826899,1.08348303210133,0.4966004490915725,"[0.8042611479759216, 0.050809308886528015, -0.5209015011787415, 1.0, 0.28901809453964233, -0.46868374943733215]",1,1,2.0090896994253704,2.058660021068137,2.0090896994253704,0.0,0,0,0,0,0,True,True,True,True,True
setA.h5,tail,0,992,992,13.754213345864393,1.0801086531816515,0.5087478450064734,"[1.0, 0.6126591563224792, -0.48648300766944885, 1.0, 0.15676960349082947, -0.5379133224487305]",1,1,2.0373869622469787,2.0090896994253704,2.0373869622469787,0.0,0,0,0,0,0,True,True,True,True,True
setA.h5,tail,0,993,993,13.770512441562369,1.0778746451737524,0.5203064778266303,"[1.0, 0.18903958797454834, -0.6768618226051331, 1.0, 0.06907624751329422, -0.8922275900840759]",1,1,2.1195853672606457,2.0373869622469787,2.1195853672606457,0.0,0,0,0,0,0,True,True,True,True,True
setA.h5,tail,0,994,994,13.787469124500454,1.076689881979892,0.5340313789964699,"[1.0, 0.49311935901641846, -0.8389549851417542, 1.0, 0.31208357214927673, -1.0]",1,1,2.193735191118984,2.1195853672606457,2.193735191118984,0.0,0,0,0,0,0,True,True,True,True,True
setA.h5,tail,0,995,995,13.805019006029406,1.0771874751208013,0.5491739276634464,"[1.0, 0.12629418075084686, -0.9792624115943909, 1.0, 0.3709491193294525, -1.0]",1,1,2.267128244522132,2.193735191118984,2.267128244522132,0.0,0,0,0,0,0,True,True,True,True,True
setA.h5,tail,0,996,996,13.823156031985583,1.0796822435838922,0.5649973111367955,"[1.0, -0.13638836145401, -1.0, 1.0, 0.39215391874313354, -1.0]",1,1,2.2661908329570934,2.267128244522132,2.2661908329570934,0.0,0,0,0,0,0,True,True,True,True,True
setA.h5,tail,0,997,997,13.84128555864924,1.0847001622542085,0.5802643958646732,"[1.0, 0.1103421151638031, -1.0, 1.0, 0.2916144132614136, -1.0]",1,1,2.2580486318288795,2.2661908329570934,2.2580486318288795,0.0,0,0,0,0,0,True,True,True,True,True
setA.h5,tail,0,998,998,13.85934994770387,1.0923679621057742,0.5940962108910607,"[1.0, -0.0990358367562294, -1.0, 1.0, 0.18096782267093658, -1.0]",1,1,2.246575175040011,2.2580486318288795,2.246575175040011,0.0,0,0,0,0,0,True,True,True,True,True
setA.h5,tail,0,999,999,13.877322549104191,1.1027495421966003,0.6057977077745426,"[1.0, -0.042478129267692566, -1.0, 1.0, 0.04300453141331673, -1.0]",1,1,2.2092292128410573,2.246575175040011,,,0,0,0,1,,False,True,True,,
setA.h5,head,1,1000,0,-0.003605431728088815,1.246025134055202,-0.002839844982750316,"[-0.18679016828536987, -0.2174587994813919, 1.0, 1.0, 1.0, 0.22972321510314941]",1,1,0.025910222085151837,,0.025910222085151837,0.0,0,0,0,0,0,True,True,True,True,True
setA.h5,head,1,1001,1,-0.0033981499514076003,1.2448138015134385,-0.0028968029347838918,"[-0.3104211390018463, 0.1418035477399826, 0.13130292296409607, 1.0, 1.0, 0.13638168573379517]",1,1,0.11200964010048438,0.025910222085151837,0.11200964010048438,0.0,0,0,0,0,0,True,True,True,True,True
setA.h5,head,1,1002,2,-0.0025020728306037253,1.241885675576967,-0.0018131041202097654,"[-0.09419131278991699, -0.29363253712654114, -0.20397399365901947, 1.0, 1.0, -0.11653155833482742]",1,1,0.1416826835832522,0.11200964010048438,0.1416826835832522,0.0,0,0,0,0,0,True,True,True,True,True
setA.h5,head,1,1003,3,-0.0013686113619377077,1.2384060577935958,0.00021938589726019724,"[-0.0404195711016655, -0.04498627781867981, -0.3190563917160034, 1.0, 1.0, 0.003507837653160095]",1,1,0.10413100610174511,0.1416826835832522,0.10413100610174511,0.0,0,0,0,0,0,True,True,True,True,True
setA.h5,head,1,1004,4,-0.0005355633131237468,1.234808855741057,0.002299233699371594,"[0.055649153888225555, -0.05223926901817322, -0.609606146812439, 1.0, 1.0, -0.013903416693210602]",1,1,0.07134363861451684,0.10413100610174511,0.07134363861451684,0.0,0,0,0,0,0,True,True,True,True,True
setA.h5,head,1,1005,5,3.518579579238789e-05,1.2312754222283755,0.004455249150249777,"[0.37900733947753906, 0.52169269323349, -0.23607073724269867, 1.0, 1.0, -0.14335797727108002]",1,1,0.047337232044600754,0.07134363861451684,0.047337232044600754,0.0,0,0,0,0,0,True,True,True,True,True
setA.h5,head,1,1006,6,0.00041388365214919395,1.2278212649227136,0.007020246293314409,"[0.32459700107574463, 0.6309950351715088, 0.0157599039375782, 0.9884518384933472, 1.0, 0.24322013556957245]",1,1,0.045513519229444965,0.047337232044600754,0.045513519229444965,0.0,0,0,0,0,0,True,True,True,True,True
setA.h5,head,1,1007,7,0.0007779918059847537,1.2238151303249267,0.009671979496546202,"[0.5167151093482971, 0.7252538800239563, 0.2447509467601776, 1.0, 1.0, -0.3681669235229492]",1,1,0.042662795538293136,0.045513519229444965,0.042662795538293136,0.0,0,0,0,0,0,True,True,True,True,True
setA.h5,head,1,1008,8,0.0011192941702910988,1.219086024956203,0.012048909667734488,"[0.20053593814373016, 0.6336150169372559, -0.2653007209300995, 0.7075101137161255, 1.0, 0.5547895431518555]",1,1,0.03614312760190377,0.042662795538293136,0.03614312760190377,0.0,0,0,0,0,0,True,True,True,True,True
setA.h5,head,1,1009,9,0.001408439191106329,1.2136119813988673,0.013555968975596812,"[0.6478317379951477, 0.7536556124687195, 0.3631303012371063, 0.9089895486831665, 1.0, -0.4963046908378601]",1,1,0.03325474817768192,0.03614312760190377,0.03325474817768192,0.0,0,0,0,0,0,True,True,True,True,True
setA.h5,head,1,1010,10,0.0016744771765277843,1.2078722545160667,0.014634883973527742,"[0.2605900168418884, 0.7714735269546509, 0.0046016983687877655, 1.0, 1.0, 0.7204316258430481]",1,1,0.07439278981489182,0.03325474817768192,0.07439278981489182,0.0,0,0,0,0,0,True,True,True,True,True
setA.h5,head,1,1011,11,0.002269619495046919,1.2049454491286367,0.016127051426771566,"[0.43238210678100586, 0.7618409395217896, 1.0, 1.0, 1.0, 0.11710464954376221]",1,1,0.20865665747737266,0.07439278981489182,0.20865665747737266,0.0,0,0,0,0,0,True,True,True,True,True
setA.h5,head,1,1012,12,0.0039388727548659,1.2039793403327768,0.019322017004436833,"[0.18006959557533264, 0.6594288349151611, 1.0, 1.0, 1.0, 0.7583240866661072]",1,1,0.4169761019111504,0.20865665747737266,0.4169761019111504,0.0,0,0,0,0,0,True,True,True,True,True
setA.h5,head,1,1013,13,0.0072746815701551035,1.2039382120831041,0.02508220064808091,"[0.4661872088909149, 0.6122720241546631, 1.0, 1.0, 1.0, 0.6945005059242249]",1,1,0.6572455763096173,0.4169761019111504,0.6572455763096173,0.0,0,0,0,0,0,True,True,True,True,True
setA.h5,head,1,1014,14,0.012532646180632042,1.2042533210996527,0.034433312586532795,"[0.7331060767173767, 0.7945256233215332, 1.0, 1.0, 0.8983005285263062, 0.5448790788650513]",1,1,0.8785965188767312,0.6572455763096173,0.8785965188767312,0.0,0,0,0,0,0,True,True,True,True,True
setA.h5,head,1,1015,15,0.019561418331645892,1.2048508961290536,0.04765651922540685,"[0.9911046624183655, 0.542063295841217, 1.0, 1.0, 0.824414074420929, 0.4358387589454651]",1,1,1.0073017990700857,0.8785965188767312,1.0073017990700857,0.0,0,0,0,0,0,True,True,True,True,True
setA.h5,head,1,1016,16,0.027619832724206577,1.2068503210504635,0.06388070308402838,"[1.0, 0.6691958904266357, 1.0, 1.0, 0.9638194441795349, 0.442463219165802]",1,1,0.8601423620717388,1.0073017990700857,0.8601423620717388,0.0,0,0,0,0,0,True,True,True,True,True
setA.h5,head,1,1017,17,0.03450097162078049,1.2109652913583817,0.08062096756221608,"[1.0, 0.7938198447227478, 0.30092206597328186, 1.0, 0.3163575828075409, -0.1480311155319214]",1,1,0.8485757644717115,0.8601423620717388,0.8485757644717115,0.0,0,0,0,0,0,True,True,True,True,True
setA.h5,head,1,1018,18,0.04128957773655418,1.2154839828008623,0.09968922313936943,"[0.6794536113739014, 0.3715437650680542, -0.7269675731658936, 0.9408895373344421, 0.12936879694461823, -0.0465204156935215]",1,1,0.8413768827744442,0.8485757644717115,0.8413768827744442,0.0,0,0,0,0,0,True,True,True,True,True
setA.h5,head,1,1019,19,0.048020592798749734,1.21997599449291,0.11877369899181069,"[0.335794597864151, -0.01969325542449951, 0.11013488471508026, 0.8070334196090698, 0.13540029525756836, -0.136862114071846]",1,1,0.813152533069834,0.8413768827744442,0.813152533069834,0.0,0,0,0,0,0,True,True,True,True,True
setA.h5,head,1,1020,20,0.054525813063308406,1.2242070442468909,0.13631466211793378,"[0.4071534276008606, -0.22681406140327454, 0.01248793676495552, 0.674092173576355, 0.3390023410320282, 0.035790298134088516]",1,1,0.7662773225476033,0.813152533069834,0.7662773225476033,0.0,0,0,0,0,0,True,True,True,True,True
setA.h5,head,1,1021,21,0.06065603164368923,1.227799421439755,0.15169835650392732,"[0.37571606040000916, -0.16366301476955414, 0.07919436693191528, 0.7324036359786987, 0.38164713978767395, -0.18262219429016113]",1,1,0.7372665426512168,0.7662773225476033,0.7372665426512168,0.0,0,0,0,0,0,True,True,True,True,True
setA.h5,head,1,1022,22,0.06655416398489897,1.2307588797403117,0.16594598102560337,"[0.3718932867050171, -0.3470260798931122, 0.08828863501548767, 0.6535118818283081, 0.560019314289093, 0.1593065857887268]",1,1,0.7053792731826318,0.7372665426512168,0.7053792731826318,0.0,0,0,0,0,0,True,True,True,True,True
setA.h5,head,1,1023,23,0.07219719817036002,1.232966601266968,0.17910254852706586,"[0.37267205119132996, -0.034055035561323166, 0.07430155575275421, 0.7776222229003906, 0.5791128277778625, -0.2384159117937088]",1,1,0.7003100419595581,0.7053792731826318,0.7003100419595581,0.0,0,0,0,0,0,True,True,True,True,True
setA.h5,tail,1,1976,976,14.653616452039351,1.0709061122696506,-0.4877075865943385,"[1.0, 1.0, -0.051100678741931915, 1.0, 1.0, 1.0]",1,1,1.5330160227073897,1.0849308270013402,1.5330160227073897,0.0,0,0,0,0,0,True,True,True,True,True
setA.h5,tail,1,1977,977,14.66588058022101,1.0596081201284477,-0.5031835343922584,"[1.0, 1.0, -0.6783361434936523, 0.7155949473381042, 1.0, 0.6675737500190735]",1,1,1.849040997330853,1.5330160227073897,1.849040997330853,0.0,0,0,0,0,0,True,True,True,True,True
setA.h5,tail,1,1978,978,14.680672908199657,1.0520954790695822,-0.5093084191027312,"[1.0, 1.0, -0.7571166157722473, 0.8373507261276245, 0.7600902915000916, 0.5649313926696777]",1,1,1.954563511846752,1.849040997330853,1.954563511846752,0.0,0,0,0,0,0,True,True,True,True,True
setA.h5,tail,1,1979,979,14.696309416294431,1.0475449903922278,-0.5099437239255555,"[1.0, 0.5630708336830139, -0.2972063422203064, 0.9599013328552246, 0.9161646962165833, 0.15752744674682617]",1,1,2.021725438766442,1.954563511846752,2.021725438766442,0.0,0,0,0,0,0,True,True,True,True,True
setA.h5,tail,1,1980,980,14.712483219804563,1.0451325578736979,-0.5059093984419583,"[1.0, 0.5440804958343506, -0.5578387975692749, 1.0, 0.8795031905174255, 0.26274678111076355]",1,1,2.1517462488651606,2.021725438766442,2.1517462488651606,0.0,0,0,0,0,0,True,True,True,True,True
setA.h5,tail,1,1981,981,14.729697189795484,1.0443118472967976,-0.494864747625009,"[1.0, 0.5813354253768921, -0.9599795937538147, 1.0, 1.0, 0.4011538326740265]",1,1,2.2020226066727933,2.1517462488651606,2.2020226066727933,0.0,0,0,0,0,0,True,True,True,True,True
setA.h5,tail,1,1982,982,14.747313370648866,1.0453073240505928,-0.47802202193514276,"[1.0, 0.4405333697795868, -0.839698314666748, 0.7453187704086304, 1.0, 0.5793017745018005]",1,1,2.1560917246572497,2.2020226066727933,2.1560917246572497,0.0,0,0,0,0,0,True,True,True,True,True
setA.h5,tail,1,1983,983,14.764562104446124,1.048199298944947,-0.45730231455767534,"[1.0, 0.40240180492401123, -0.5526328682899475, 0.5254504084587097, 1.0, 0.6835562586784363]",1,1,2.124880644940097,2.1560917246572497,2.124880644940097,0.0,0,0,0,0,0,True,True,True,True,True
setA.h5,tail,1,1984,984,14.781561149605645,1.0523250459414395,-0.43388214840315553,"[1.0, 0.21632543206214905, -0.451130211353302, 0.5140665769577026, 1.0, 0.8939151167869568]",1,1,2.1056011590716572,2.124880644940097,2.1056011590716572,0.0,0,0,0,0,0,True,True,True,True,True
setA.h5,tail,1,1985,985,14.798405958878218,1.057182952389523,-0.40834111745996815,"[1.0, 0.1765589714050293, -0.38743922114372253, 0.4651627838611603, 1.0, 0.8998957276344299]",1,1,2.060548022912556,2.1056011590716572,2.060548022912556,0.0,0,0,0,0,0,True,True,True,True,True
setA.h5,tail,1,1986,986,14.814890343061519,1.0624479554562858,-0.38285992688770104,"[1.0, 0.17867644131183624, -0.2247752696275711, 0.6560308337211609, 1.0, 0.8483341932296753]",1,1,2.037578944880769,2.060548022912556,2.037578944880769,0.0,0,0,0,0,0,True,True,True,True,True
setA.h5,tail,1,1987,987,14.831190974620565,1.0680864658850326,-0.356992981176334,"[1.0, 0.007162079215049744, -0.25738468766212463, 0.6322889924049377, 1.0, 0.9083110690116882]",1,1,2.0421473438465565,2.037578944880769,2.0421473438465565,0.0,0,0,0,0,0,True,True,True,True,True
setA.h5,tail,1,1988,988,14.847528153371337,1.073986821099118,-0.3298175560538097,"[1.0, -0.004092143848538399, -0.32368260622024536, 0.6350209712982178, 1.0, 1.0]",1,1,2.0323429265325377,2.0421473438465565,2.0323429265325377,0.0,0,0,0,0,0,True,True,True,True,True
setA.h5,tail,1,1989,989,14.863786896783598,1.0800221117230682,-0.30204955322054533,"[1.0, -0.140771746635437, -0.31096595525741577, 0.5847705006599426, 1.0, 0.9394742846488953]",1,1,2.0174498865972446,2.0323429265325377,2.0174498865972446,0.0,0,0,0,0,0,True,True,True,True,True
setA.h5,tail,1,1990,990,14.879926495876376,1.0860647744325242,-0.27397294831001856,"[1.0, -0.1402566283941269, -0.26898136734962463, 0.6211608052253723, 1.0, 1.0]",1,1,2.0022778837136546,2.0174498865972446,2.0022778837136546,0.0,0,0,0,0,0,True,True,True,True,True
setA.h5,tail,1,1991,991,14.895944718946085,1.0919685207063452,-0.24575402354893378,"[1.0, -0.2378082573413849, -0.37740349769592285, 0.5827264189720154, 1.0, 1.0]",1,1,1.9791072691823786,2.0022778837136546,1.9791072691823786,0.0,0,0,0,0,0,True,True,True,True,True
setA.h5,tail,1,1992,992,14.911777577099544,1.097680734415295,-0.21769090613317196,"[1.0, -0.0021658428013324738, -0.13803285360336304, 0.6047733426094055, 1.0, 1.0]",1,1,1.9885280027227559,1.9791072691823786,1.9885280027227559,0.0,0,0,0,0,0,True,True,True,True,True
setA.h5,tail,1,1993,993,14.927685801121326,1.1031971396589553,-0.1884572808653709,"[1.0, -0.3261301815509796, -0.40611135959625244, 0.39914727210998535, 1.0, 1.0]",1,1,1.9637148447833042,1.9885280027227559,1.9637148447833042,0.0,0,0,0,0,0,True,True,True,True,True
setA.h5,tail,1,1994,994,14.943395519879592,1.1084102703656107,-0.15969726050188812,"[1.0, 2.0802021026611328e-05, -0.10364875197410583, 0.646320104598999, 1.0, 1.0]",1,1,1.9451790115627698,1.9637148447833042,1.9451790115627698,0.0,0,0,0,0,0,True,True,True,True,True
setA.h5,tail,1,1995,995,14.958956951972095,1.1133324149992194,-0.131054527619799,"[1.0, 0.05388738214969635, -0.22487983107566833, 0.5231849551200867, 1.0, 1.0]",1,1,1.958930643154222,1.9451790115627698,1.958930643154222,0.0,0,0,0,0,0,True,True,True,True,True
setA.h5,tail,1,1996,996,14.974628397117328,1.1182449855525347,-0.101498459658505,"[1.0, 0.03193049877882004, -0.03167517110705376, 0.5802933573722839, 1.0, 1.0]",1,1,1.9839607694260852,1.958930643154222,1.9839607694260852,0.0,0,0,0,0,0,True,True,True,True,True
setA.h5,tail,1,1997,997,14.990500083272737,1.1230387115862444,-0.07066743979931582,"[1.0, 0.11796481907367706, -0.08426455408334732, 0.5374296307563782, 1.0, 1.0]",1,1,2.0127703011176834,1.9839607694260852,2.0127703011176834,0.0,0,0,0,0,0,True,True,True,True,True
setA.h5,tail,1,1998,998,15.006602245681679,1.1277134110785785,-0.03870195949048129,"[1.0, 0.014054040424525738, 0.019725698977708817, 0.41424447298049927, 1.0, 1.0]",1,1,2.043758476901525,2.0127703011176834,2.043758476901525,0.0,0,0,0,0,0,True,True,True,True,True
setA.h5,tail,1,1999,999,15.02295231349689,1.1320738291152221,-0.005597297188835787,"[1.0, -0.0011947005987167358, -0.055794402956962585, 0.505382776260376, 1.0, 1.0]",1,1,2.0733080517862934,2.043758476901525,,,0,0,0,1,,False,True,True,,
setA.h5,head,2,2000,0,0.0012878491177191996,1.2504934725278836,-0.001682415107896398,"[0.009314479306340218, 0.16558198630809784, 0.7271910905838013, 0.2289666086435318, 0.94851154088974, 0.2957942485809326]",1,1,0.04555830802726021,,0.04555830802726021,0.0,0,0,0,0,0,True,True,True,True,True
setA.h5,head,2,2001,1,0.0016523155819372813,1.2493911733044105,-0.0014418777870213557,"[-0.1404142826795578, -0.11286373436450958, -0.008288644254207611, 0.30265331268310547, 0.4239617586135864, -0.41189858317375183]",1,1,0.07344313063942587,0.04555830802726021,0.07344313063942587,0.0,0,0,0,0,0,True,True,True,True,True
setA.h5,head,2,2002,2,0.002239860627052688,1.2472309035105738,-0.000669432256870133,"[-0.3287352919578552, -0.032934948801994324, -0.3775224983692169, 0.2862585186958313, 0.7530723810195923, 0.10131608694791794]",1,1,0.043985071500910515,0.07344313063942587,0.043985071500910515,0.0,0,0,0,0,0,True,True,True,True,True
setA.h5,head,2,2003,3,0.0025917411990599723,1.2449750584938213,-0.00023249576721296434,"[-0.15156224370002747, 0.0480404794216156, 0.1942124366760254, 0.2403443455696106, 0.8712770938873291, 0.14425332844257355]",1,1,0.05054186785818134,0.043985071500910515,0.05054186785818134,0.0,0,0,0,0,0,True,True,True,True,True
setA.h5,head,2,2004,4,0.002996076141925423,1.2420568800009786,0.00029931785970080507,"[-0.2453930675983429, -0.22653552889823914, -0.19818830490112305, 0.29413190484046936, 0.7383514046669006, -0.09716103225946426]",1,1,0.05415698040896005,0.05054186785818134,0.05415698040896005,0.0,0,0,0,0,0,True,True,True,True,True
setA.h5,head,2,2005,5,0.0034293319851971035,1.238497274395194,0.0014055984957152589,"[-0.2876911759376526, -0.05452793836593628, 0.04177136719226837, 0.2974894940853119, 0.9572427272796631, 0.05579923838376999]",1,1,0.03705007371430826,0.05415698040896005,0.03705007371430826,0.0,0,0,0,0,0,True,True,True,True,True
setA.h5,head,2,2006,6,0.0037257325749115696,1.2344689197657779,0.0014934518479581685,"[-0.2659139335155487, -0.21621336042881012, -0.07963195443153381, 0.2043900042772293, 0.9018324017524719, 0.083186075091362]",1,1,0.018609861064864047,0.03705007371430826,0.018609861064864047,0.0,0,0,0,0,0,True,True,True,True,True
setA.h5,head,2,2007,7,0.003874611463430482,1.2297568499452,8.320930513438238e-05,"[-0.1168801411986351, -0.10841222107410431, -0.010856717824935913, 0.29305458068847656, 0.882724940776825, -0.12798118591308594]",1,1,-0.01112804525703722,0.018609861064864047,-0.01112804525703722,0.0,0,0,0,0,0,True,True,True,True,True
setA.h5,head,2,2008,8,0.003785587101374184,1.2245356667907334,-0.002040329720330296,"[-0.2516095042228699, 0.019524209201335907, -0.2462361752986908, 0.20702102780342102, 0.8313060402870178, 0.2349875569343567]",1,1,-0.011244620498244247,-0.01112804525703722,-0.011244620498244247,0.0,0,0,0,0,0,True,True,True,True,True
setA.h5,head,2,2009,9,0.0036956301373882302,1.2187853952975274,-0.005835899081773687,"[0.02993718534708023, -0.2003524750471115, 0.2276475429534912, 0.30975717306137085, 0.9217702746391296, 0.013053514063358307]",1,1,0.04206958590223129,-0.011244620498244247,0.04206958590223129,0.0,0,0,0,0,0,True,True,True,True,True
setA.h5,head,2,2010,10,0.004032186824606081,1.2122494787527622,-0.004367036748531297,"[-0.6261663436889648, 0.07243453711271286, -0.09035302698612213, 0.3791176378726959, 0.7500383257865906, -0.13544368743896484]",1,1,0.018836311395259125,0.04206958590223129,0.018836311395259125,0.0,0,0,0,0,0,True,True,True,True,True
setA.h5,head,2,2011,11,0.004182877315768154,1.2063020568946983,-0.006707668669666158,"[0.4087703824043274, 0.2031969130039215, 0.3778490424156189, 0.44808122515678406, 1.0, 0.9455327391624451]",1,1,0.16443965657414233,0.018836311395259125,0.16443965657414233,0.0,0,0,0,0,0,True,True,True,True,True
setA.h5,head,2,2012,12,0.005498394568361292,1.2036843996880504,-0.0076297374459860685,"[-0.04329366236925125, 0.7799197435379028, 0.8375995755195618, 0.3866375684738159, 0.8177509903907776, 0.46737635135650635]",1,1,0.42231573592717764,0.16443965657414233,0.42231573592717764,0.0,0,0,0,0,0,True,True,True,True,True
setA.h5,head,2,2013,13,0.008876920455778713,1.202932773426355,0.0011167209043736266,"[0.5569943785667419, 0.8349608778953552, 0.6591404676437378, 0.43851417303085327, 0.9326841235160828, 0.5220301747322083]",1,1,0.5938570292596723,0.42231573592717764,0.5938570292596723,0.0,0,0,0,0,0,True,True,True,True,True
setA.h5,head,2,2014,14,0.013627776689856092,1.2030243993116894,0.011507147996865948,"[0.7585647702217102, 0.8956755995750427, 0.5184657573699951, 0.3999905586242676, 0.9778528213500977, 0.5479177236557007]",1,1,0.7717169227631386,0.5938570292596723,0.7717169227631386,0.0,0,0,0,0,0,True,True,True,True,True
setA.h5,head,2,2015,15,0.0198015120719612,1.2034193281474674,0.025078929208484237,"[0.6719509959220886, 0.8119134306907654, 0.42678433656692505, 0.3223348557949066, 0.811174213886261, 0.4427199959754944]",1,1,0.8696127040347832,0.7717169227631386,0.8696127040347832,0.0,0,0,0,0,0,True,True,True,True,True
setA.h5,head,2,2016,16,0.026758413704239467,1.2043134977513181,0.04063159420709844,"[0.5380467772483826, 0.9309854507446289, 0.5003098845481873, 0.1650833636522293, 0.8546968102455139, 0.47098249197006226]",1,1,0.831009704657065,0.8696127040347832,0.831009704657065,0.0,0,0,0,0,0,True,True,True,True,True
setA.h5,head,2,2017,17,0.03340649134149599,1.2064079203704259,0.056047267040290026,"[0.4437370002269745, 1.0, 0.7173959016799927, 0.3195077180862427, 0.6408126354217529, 0.23448437452316284]",1,1,0.7035769835429051,0.831009704657065,0.7035769835429051,0.0,0,0,0,0,0,True,True,True,True,True
setA.h5,head,2,2018,18,0.03903510720983923,1.2099205195839975,0.06962415639004277,"[0.4087733328342438, 1.0, 0.6754324436187744, 0.49021482467651367, 0.46044620871543884, 0.27991846203804016]",1,1,0.6770216615523726,0.7035769835429051,0.6770216615523726,0.0,0,0,0,0,0,True,True,True,True,True
setA.h5,head,2,2019,19,0.04445128050225821,1.213767307608177,0.08405044233828969,"[0.24873845279216766, 1.0, 0.3511762022972107, 0.4043080806732178, 0.20249101519584656, 0.22132860124111176]",1,1,0.6847674378377298,0.6770216615523726,0.6847674378377298,0.0,0,0,0,0,0,True,True,True,True,True
setA.h5,head,2,2020,20,0.04992942000496005,1.2172776444753186,0.09941129842698848,"[0.25448212027549744, 0.9183048009872437, 0.13823768496513367, 0.3835570514202118, 0.16639173030853271, 0.15990883111953735]",1,1,0.6701690174599033,0.6847674378377298,0.6701690174599033,0.0,0,0,0,0,0,True,True,True,True,True
setA.h5,head,2,2021,21,0.055290772144639275,1.220248977063697,0.1138202788980995,"[0.28353700041770935, 0.7995277643203735, 0.03973475843667984, 0.4242129623889923, 0.2071792483329773, 0.013480421155691147]",1,1,0.6471359157630401,0.6701690174599033,0.6471359157630401,0.0,0,0,0,0,0,True,True,True,True,True
setA.h5,head,2,2022,22,0.060467859470743596,1.2225827297111216,0.12655780732148564,"[0.21816733479499817, 0.6175926923751831, -0.03074377030134201, 0.5196235775947571, 0.28900769352912903, 0.08192222565412521]",1,1,0.6336944299984801,0.6471359157630401,0.6336944299984801,0.0,0,0,0,0,0,True,True,True,True,True
setA.h5,head,2,2023,23,0.06553741491073144,1.2242428971920245,0.1384414512258162,"[0.2951350808143616, 0.504898726940155, -0.09277218580245972, 0.4970090985298157, 0.3346675932407379, -0.11763644218444824]",1,1,0.6298267201357912,0.6336944299984801,0.6298267201357912,0.0,0,0,0,0,0,True,True,True,True,True
setA.h5,tail,2,2415,415,7.084931506226445,1.0377239372166114,0.7345259270178723,"[0.6320569515228271, -0.14023202657699585, -0.4823724925518036, 0.5347955226898193, 0.24236828088760376, -0.6236763000488281]",1,1,3.9517547548381105,3.9692588589108624,3.9517547548381105,0.0,1,1,0,0,0,True,True,True,True,True
setA.h5,tail,2,2416,416,7.11654554426515,1.0298037956117143,0.7591827913868561,"[0.7651442289352417, -0.3794690668582916, -0.24424676597118378, 0.7119422554969788, 0.33906739950180054, -1.0]",1,1,3.9453652341372436,3.9517547548381105,3.9453652341372436,0.0,1,1,0,0,0,True,True,True,True,True
setA.h5,tail,2,2417,417,7.148108466138248,1.0217431877336565,0.7722311391732527,"[0.8083306550979614, -0.43093904852867126, -0.2921481132507324, 0.828325092792511, 0.47440236806869507, -1.0]",1,1,3.9507677136427777,3.9453652341372436,3.9507677136427777,0.0,1,1,0,0,0,True,True,True,True,True
setA.h5,tail,2,2418,418,7.17971460784739,1.0132104501648114,0.7797104324299025,"[0.8853633403778076, -0.4432617425918579, -0.24323496222496033, 0.5848618745803833, 0.3469245731830597, -1.0]",1,1,3.7816813800539695,3.9507677136427777,3.7816813800539695,0.0,1,1,0,0,0,True,True,True,True,True
setA.h5,tail,2,2419,419,7.209968058887822,1.0063512715647756,0.7826075003021393,"[0.9599785804748535, -0.006385080516338348, -0.4325494170188904, 0.44053617119789124, 0.26019203662872314, -1.0]",1,1,3.68727953355108,3.7816813800539695,3.68727953355108,0.0,1,1,0,0,0,True,True,True,True,True
setA.h5,tail,2,2420,420,7.23946629515623,1.0024801872424096,0.7835827106377341,"[1.0, -0.5553772449493408, -0.9385831952095032, 0.4274754226207733, -0.3034472167491913, -1.0]",1,1,3.626585929943582,3.68727953355108,3.626585929943582,0.0,1,1,0,0,0,True,True,True,True,True
setA.h5,tail,2,2421,421,7.268478982595779,1.0011211126458242,0.782770660092019,"[0.959924042224884, -0.25016090273857117, -1.0, 0.5347459316253662, -0.36652588844299316, -1.0]",1,1,3.4033391215143594,3.626585929943582,3.4033391215143594,0.0,1,1,0,0,0,True,True,True,True,True
setA.h5,tail,2,2422,422,7.295705695567894,1.0018184417945128,0.778424952695231,"[0.7418649196624756, 0.23162734508514404, -1.0, 0.5299234390258789, -0.25040197372436523, -0.8920445442199707]",1,1,2.954130958648049,3.4033391215143594,2.954130958648049,0.0,1,1,0,0,0,True,True,True,True,True
setA.h5,tail,2,2423,423,7.319338743237078,1.0019344999267854,0.7732413103594827,"[0.7241082787513733, 0.6436719298362732, -1.0, 0.62956303358078, 0.3047691285610199, -0.1632835865020752]",1,1,2.7684154827974927,2.954130958648049,2.7684154827974927,0.0,1,1,0,0,0,True,True,True,True,True
setA.h5,tail,2,2424,424,7.341486067099458,0.9994762743491304,0.7745391063498408,"[0.4326108396053314, 0.0033532381057739258, -0.6394045352935791, 0.47452253103256226, 0.1985601782798767, -0.30483928322792053]",1,1,2.6225985201775437,2.7684154827974927,2.6225985201775437,0.0,1,1,0,0,0,True,True,True,True,True
setA.h5,tail,2,2425,425,7.3624668552608785,0.9945382579516239,0.7647137660001992,"[1.0, -0.047297000885009766, -0.6373847126960754, 0.7233642935752869, 0.23499245941638947, -0.04903753846883774]",1,1,2.4765928651380165,2.6225985201775437,2.4765928651380165,0.0,1,1,0,0,0,True,True,True,True,True
setA.h5,tail,2,2426,426,7.382279598181983,0.9883478712534752,0.7350963026631457,"[1.0, -0.18419866263866425, -0.3775639235973358, 1.0, 0.42485782504081726, -0.366329550743103]",1,1,2.4656640534218566,2.4765928651380165,2.4656640534218566,0.0,1,1,0,0,0,True,True,True,True,True
setA.h5,tail,2,2427,427,7.4020049106093575,0.9809177087795284,0.7027356209197151,"[1.0, -0.21922914683818817, -0.29041123390197754, 1.0, 0.6832160353660583, -0.4638766348361969]",1,1,2.554245441717118,2.4656640534218566,2.554245441717118,0.0,1,1,0,0,0,True,True,True,True,True
setA.h5,tail,2,2428,428,7.4224388741430944,0.9723736350988674,0.6763277060841779,"[1.0, -0.10459616035223007, -0.3882240355014801, 1.0, 0.579401433467865, -0.53612220287323]",1,1,2.6968214555486147,2.554245441717118,2.6968214555486147,0.0,1,1,0,0,0,True,True,True,True,True
setA.h5,tail,2,2429,429,7.444013445787483,0.9627728471551591,0.6595450992070111,"[0.6413553357124329, 0.32740518450737, -0.6393555998802185, 1.0, 0.2960957884788513, -0.4716222882270813]",1,1,2.85790045319545,2.6968214555486147,2.85790045319545,0.0,1,1,0,0,0,True,True,True,True,True
setA.h5,tail,2,2430,430,7.466876649413047,0.9520079819660376,0.6511295554115742,"[0.43967169523239136, 0.3205472230911255, -0.570646345615387, 0.9461178779602051, 0.051767781376838684, -0.7232568860054016]",1,1,3.0021367267464294,2.85790045319545,3.0021367267464294,0.0,1,1,0,0,0,True,True,True,True,True
setA.h5,tail,2,2431,431,7.490893743227018,0.9400922318058933,0.648019684556191,"[0.24621881544589996, 0.09824734181165695, -0.5493011474609375, 0.9670387506484985, -0.024437149986624718, -0.832672119140625]",1,1,3.0674126961093284,3.0021367267464294,3.0674126961093284,0.0,1,1,0,0,0,True,True,True,True,True
setA.h5,tail,2,2432,432,7.515433044795893,0.927259901892261,0.6477060401792484,"[0.1227387860417366, 0.22248303890228271, -0.590312659740448, 0.8355511426925659, 0.03895633667707443, -1.0]",1,1,3.026556195300012,3.0674126961093284,3.026556195300012,0.0,1,1,0,0,0,True,True,True,True,True
setA.h5,tail,2,2433,433,7.539645494358293,0.9127791770091503,0.6460015815406533,"[0.09718431532382965, 0.0451434850692749, -0.7836911678314209, 0.7506193518638611, 0.3989425301551819, -1.0]",1,1,2.980050062609929,3.026556195300012,2.980050062609929,0.0,1,1,0,0,0,True,True,True,True,True
setA.h5,tail,2,2434,434,7.5634858948591726,0.8960497308770825,0.6417027443769321,"[0.10228005796670914, -0.056479133665561676, -0.6450563669204712, 0.7289343476295471, 0.5383039116859436, -1.0]",1,1,3.0591600830018884,2.980050062609929,3.0591600830018884,0.0,1,1,0,0,0,True,True,True,True,True
setA.h5,tail,2,2435,435,7.587959175523188,0.8777201684816477,0.6387801027808753,"[-0.009823732078075409, -0.028774389997124672, -0.6444973349571228, 0.5948189496994019, 0.3669629395008087, -1.0]",1,1,3.1752574853652904,3.0591600830018884,3.1752574853652904,0.0,1,1,0,0,0,True,True,True,True,True
setA.h5,tail,2,2436,436,7.61336123540611,0.8583179213996897,0.6384536049169607,"[0.023769207298755646, -0.09923634678125381, -0.6244885921478271, 0.5961449146270752, 0.3436363637447357, -1.0]",1,1,3.2610414193402493,3.1752574853652904,3.2610414193402493,0.0,1,1,0,0,0,True,True,True,True,True
setA.h5,tail,2,2437,437,7.639449566760832,0.8379250710199735,0.6408402516355864,"[-0.09387224912643433, -0.18538165092468262, -0.629209578037262, 0.6513296961784363, 0.3731995224952698, -1.0]",1,1,3.3260054466081046,3.2610414193402493,3.3260054466081046,0.0,1,1,0,0,0,True,True,True,True,True
setA.h5,tail,2,2438,438,7.666057610333697,0.8165844839143286,0.6458652774498018,"[-0.11881347745656967, -0.12869104743003845, -0.647919774055481, 0.6079458594322205, 0.4336054027080536, -1.0]",1,1,3.400062460967801,3.3260054466081046,,,1,1,1,0,,False,True,True,,
setA.h5,head,3,2439,0,-0.004509630183632644,1.2490635758764908,0.0012296176627734513,"[-0.5393359065055847, -0.11161002516746521, 0.8767898082733154, 1.0, 1.0, -0.0018727704882621765]",1,1,0.042941492859974624,,0.042941492859974624,0.0,0,0,0,0,0,True,True,True,True,True
setA.h5,head,3,2440,1,-0.004166098240752847,1.2480630814399487,0.0019189325902213528,"[-0.5541574954986572, 0.15278658270835876, -0.7044146060943604, 1.0, 1.0, 0.21012355387210846]",1,1,0.1755380977259854,0.042941492859974624,0.1755380977259854,0.0,0,0,0,0,0,True,True,True,True,True
setA.h5,head,3,2441,2,-0.0027617934589449643,1.2461369054185114,0.00629954884078032,"[-0.32154783606529236, -0.44046151638031006, 0.2541043758392334, 0.9636631011962891, 1.0, -0.4261157214641571]",1,1,0.10316484289725936,0.1755380977259854,0.10316484289725936,0.0,0,0,0,0,0,True,True,True,True,True
setA.h5,head,3,2442,3,-0.0019364747157668894,1.2440918982849833,0.008897731381625574,"[-0.6512253880500793, -0.04754877835512161, -0.4261620342731476, 0.764722466468811, 1.0, 0.4664243757724762]",1,1,0.01460839441659817,0.10316484289725936,0.01460839441659817,0.0,0,0,0,0,0,True,True,True,True,True
setA.h5,head,3,2443,4,-0.001819607560434104,1.2415540265444913,0.008768129897087092,"[-0.273892343044281, 0.4819404184818268, 0.14658455550670624, 1.0, 1.0, -0.4626220464706421]",1,1,-0.0075335997089803625,0.01460839441659817,-0.0075335997089803625,0.0,0,0,0,0,0,True,True,True,True,True
setA.h5,head,3,2444,5,-0.001879876358105947,1.2385940169795817,0.007234152695402927,"[-0.20736363530158997, 0.15578174591064453, -0.18065237998962402, 0.6526751518249512, 1.0, 0.5798289179801941]",1,1,-0.008041591135673614,-0.0075335997089803625,-0.008041591135673614,0.0,0,0,0,0,0,True,True,True,True,True
setA.h5,head,3,2445,6,-0.0019442090871913359,1.2349397339772623,0.005148446631019122,"[0.07690870016813278, 0.6570127606391907, 0.061982788145542145, 1.0, 0.9939471483230591, -0.5929824113845825]",1,1,-0.007280464815941621,-0.008041591135673614,-0.007280464815941621,0.0,0,0,0,0,0,True,True,True,True,True
setA.h5,head,3,2446,7,-0.002002452805718869,1.230748548022304,0.0033398139654993533,"[-0.06795455515384674, 0.37352484464645386, 0.001972287893295288, 0.6878028512001038, 0.9429280161857605, 0.7583386898040771]",1,1,0.002860269694218438,-0.007280464815941621,0.002860269694218438,0.0,0,0,0,0,0,True,True,True,True,True
setA.h5,head,3,2447,8,-0.0019795706481651213,1.2257519743731802,0.0015627891876558529,"[0.22605189681053162, 0.9204365015029907, 0.06367112696170807, 0.994318962097168, 0.8352200388908386, -0.8662386536598206]",1,1,0.0040104175912027305,0.002860269694218438,0.0040104175912027305,0.0,0,0,0,0,0,True,True,True,True,True
setA.h5,head,3,2448,9,-0.0019474873074354995,1.2201556165818894,6.110971288985701e-05,"[0.0008016321808099747, 0.5879859924316406, 0.02588563784956932, 0.6544525623321533, 0.7977426648139954, 1.0]",1,1,0.009588755336239237,0.0040104175912027305,0.009588755336239237,0.0,0,0,0,0,0,True,True,True,True,True
setA.h5,head,3,2449,10,-0.0018707772647455856,1.2137616554758328,-0.0016392161752322196,"[0.3694847524166107, 1.0, 0.21428750455379486, 0.9153467416763306, 0.9641047120094299, -0.8935917615890503]",1,1,0.024182874544864945,0.009588755336239237,0.024182874544864945,0.0,0,0,0,0,0,True,True,True,True,True
setA.h5,head,3,2450,11,-0.001677314268386666,1.2069517739094873,-0.003090462704687653,"[-0.018338248133659363, 0.7600041627883911, 0.0072015561163425446, 0.8021978139877319, 0.7421956658363342, 1.0]",1,1,0.0837947466656416,0.024182874544864945,0.0837947466656416,0.0,0,0,0,0,0,True,True,True,True,True
setA.h5,head,3,2451,12,-0.0010069562950615332,1.2035356445515228,-0.003440483475331687,"[0.10411988198757172, 1.0, 0.7755041122436523, 1.0, 1.0, 0.48304226994514465]",1,1,0.29159697883945684,0.0837947466656416,0.29159697883945684,0.0,0,0,0,0,0,True,True,True,True,True
setA.h5,head,3,2452,13,0.0013258195356541218,1.2023244117613128,-0.00043605265289726786,"[0.10430817306041718, 0.7804903984069824, 0.9759652614593506, 1.0, 0.7881168127059937, 0.7420840859413147]",1,1,0.5354800741602418,0.29159697883945684,0.5354800741602418,0.0,0,0,0,0,0,True,True,True,True,True
setA.h5,head,3,2453,14,0.005609660128936056,1.2020771932551608,0.006384819428842741,"[0.3234788477420807, 0.6974853873252869, 1.0, 0.8199939727783203, 0.4854739308357239, 0.6665772199630737]",1,1,0.7903359044751943,0.5354800741602418,0.7903359044751943,0.0,0,0,0,0,0,True,True,True,True,True
setA.h5,head,3,2454,15,0.011932347364737611,1.202159484878521,0.017119178347528068,"[0.5029225945472717, 0.7061033248901367, 1.0, 0.6966745853424072, 0.35682401061058044, 0.45960527658462524]",1,1,1.0119849527626037,0.7903359044751943,1.0119849527626037,0.0,0,0,0,0,0,True,True,True,True,True
setA.h5,head,3,2455,16,0.02002822698683844,1.202593085675508,0.03119452260559049,"[0.5598450899124146, 0.5650239586830139, 0.8749232888221741, 0.703733503818512, 0.3241606652736664, 0.37070006132125854]",1,1,1.0641536851334543,1.0119849527626037,1.0641536851334543,0.0,0,0,0,0,0,True,True,True,True,True
setA.h5,head,3,2456,17,0.028541456467906075,1.2048755344014492,0.046822864584363175,"[0.5133171677589417, 0.5939659476280212, 0.7779006361961365, 0.661389172077179, 0.3240167796611786, 0.5116870403289795]",1,1,0.9998777069655318,1.0641536851334543,0.9998777069655318,0.0,0,0,0,0,0,True,True,True,True,True
setA.h5,head,3,2457,18,0.03654047812363033,1.209017725402093,0.062378176863990414,"[0.7368391752243042, 0.8374695181846619, 0.6332546472549438, 0.7874553799629211, -0.08537396043539047, 0.16544154286384583]",1,1,0.941672934472013,0.9998777069655318,0.941672934472013,0.0,0,0,0,0,0,True,True,True,True,True
setA.h5,head,3,2458,19,0.04407386159940643,1.2141660972217518,0.07887560686401067,"[0.5236842036247253, 0.30663198232650757, -0.053733572363853455, 0.5670710802078247, -0.4680345058441162, -0.11500920355319977]",1,1,0.9260261869889364,0.941672934472013,0.9260261869889364,0.0,0,0,0,0,0,True,True,True,True,True
setA.h5,head,3,2459,20,0.051482071095317924,1.2192236119351785,0.09585573679364033,"[0.5778105854988098, -0.1644926816225052, -0.2484239786863327, 0.1885208636522293, -0.24721209704875946, -0.24470487236976624]",1,1,0.8405694406544298,0.9260261869889364,0.8405694406544298,0.0,0,0,0,0,0,True,True,True,True,True
setA.h5,head,3,2460,21,0.05820662662055336,1.2240749330648193,0.111486324225941,"[0.29874682426452637, -0.0012615025043487549, -0.16649100184440613, 0.38354843854904175, -0.15187402069568634, -0.43694865703582764]",1,1,0.7874012697779839,0.8405694406544298,0.7874012697779839,0.0,0,0,0,0,0,True,True,True,True,True
setA.h5,head,3,2461,22,0.06450583677877723,1.2288434960367478,0.1277766491784933,"[0.33550697565078735, -0.03768250718712807, -0.1407952606678009, 0.41686946153640747, 0.22808010876178741, -0.3771260380744934]",1,1,0.8399246221196324,0.7874012697779839,0.8399246221196324,0.0,0,0,0,0,0,True,True,True,True,True
setA.h5,head,3,2462,23,0.0712252337557343,1.2334626958705843,0.14853840229290896,"[-0.06669396162033081, 0.009473605081439018, -0.07552524656057358, 0.4189396798610687, -0.10349946469068527, -0.336909681558609]",1,1,0.8931169341133589,0.8399246221196324,0.8931169341133589,0.0,0,0,0,0,0,True,True,True,True,True
setA.h5,tail,3,3415,976,13.519891291422608,1.1134121624779252,-0.12648451711575098,"[1.0, -0.23969769477844238, -0.12014776468276978, 0.6208411455154419, 1.0, 1.0]",1,1,1.8776250601686417,1.8881658289415792,1.8776250601686417,0.0,0,0,0,0,0,True,True,True,True,True
setA.h5,tail,3,3416,977,13.534912291903957,1.1188963208274219,-0.09662179525205168,"[0.9091072678565979, -0.34319835901260376, -0.18195371329784393, 0.4898768663406372, 1.0, 1.0]",1,1,1.862575854969517,1.8776250601686417,1.862575854969517,0.0,0,0,0,0,0,True,True,True,True,True
setA.h5,tail,3,3417,978,13.549812898743713,1.1237665110512383,-0.0670242264991764,"[0.9697302579879761, -0.3626328408718109, -0.12155957520008087, 0.6465749144554138, 1.0, 1.0]",1,1,1.8329457819219463,1.862575854969517,1.8329457819219463,0.0,0,0,0,0,0,True,True,True,True,True
setA.h5,tail,3,3418,979,13.564476464999089,1.1279647963260537,-0.03822218585065559,"[0.9457547068595886, -0.3776669502258301, -0.06885742396116257, 0.6629905104637146, 1.0, 1.0]",1,1,1.8158414119904265,1.8329457819219463,1.8158414119904265,0.0,0,0,0,0,0,True,True,True,True,True
setA.h5,tail,3,3419,980,13.579003196295012,1.131454173305061,-0.009614504020894095,"[0.9490112066268921, -0.2008131444454193, 0.25854775309562683, 0.6531476378440857, 1.0, 1.0]",1,1,1.8365945186267219,1.8158414119904265,1.8365945186267219,0.0,0,0,0,0,0,True,True,True,True,True
setA.h5,tail,3,3420,981,13.593695952444026,1.1340015359560816,0.020010526345783226,"[0.923442006111145, -0.21737514436244965, -0.39424413442611694, 0.465417742729187, 1.0, 1.0]",1,1,1.8508039481162086,1.8365945186267219,1.8508039481162086,0.0,0,0,0,0,0,True,True,True,True,True
setA.h5,tail,3,3421,982,13.608502384028956,1.135811320739098,0.05047982650497477,"[0.8212600350379944, -0.23001724481582642, 0.4249695837497711, 0.6261688470840454, 1.0, 1.0]",1,1,1.8600098993177827,1.8508039481162086,1.8600098993177827,0.0,0,0,0,0,0,True,True,True,True,True
setA.h5,tail,3,3422,983,13.623382463223498,1.136714692538615,0.08160917782126674,"[0.8934571146965027, -0.13448816537857056, -0.4379275143146515, 0.33769097924232483, 1.0, 1.0]",1,1,1.8732630147944018,1.8600098993177827,1.8732630147944018,0.0,0,0,0,0,0,True,True,True,True,True
setA.h5,tail,3,3423,984,13.638368567341853,1.136715515687873,0.11358749010677147,"[1.0, -0.1571149080991745, 0.5347083806991577, 0.5303013324737549, 1.0, 1.0]",1,1,1.8888330813295884,1.8732630147944018,1.8888330813295884,0.0,0,0,0,0,0,True,True,True,True,True
setA.h5,tail,3,3424,985,13.65347923199249,1.135696864247129,0.1467773505902955,"[0.9127305150032043, -0.3147781491279602, -0.49850988388061523, 0.09130177646875381, 1.0, 1.0]",1,1,1.854793136914168,1.8888330813295884,1.854793136914168,0.0,0,0,0,0,0,True,True,True,True,True
setA.h5,tail,3,3425,986,13.668317577087803,1.1336499099812558,0.1789964110953296,"[1.0, 0.14789672195911407, 0.4587787985801697, 0.3026280999183655, 1.0, 1.0]",1,1,1.847765159143977,1.854793136914168,1.847765159143977,0.0,0,0,0,0,0,True,True,True,True,True
setA.h5,tail,3,3426,987,13.683099698360955,1.130665027509379,0.21146279705139948,"[1.0, -0.2839663028717041, -0.46800968050956726, 0.05196181312203407, 1.0, 1.0]",1,1,1.8450820401292312,1.847765159143977,1.8450820401292312,0.0,0,0,0,0,0,True,True,True,True,True
setA.h5,tail,3,3427,988,13.697860354681989,1.1266803183086163,0.24440519704508437,"[1.0, 0.13705649971961975, 0.7300950288772583, 0.27985110878944397, 1.0, 1.0]",1,1,1.9609187319058474,1.8450820401292312,1.9609187319058474,0.0,0,0,0,0,0,True,True,True,True,True
setA.h5,tail,3,3428,989,13.713547704537236,1.1216308916525155,0.27819772124739833,"[1.0, -0.9792007803916931, -0.8929133415222168, 0.16714003682136536, 1.0, 0.6014734506607056]",1,1,2.0765096880950296,1.9609187319058474,2.0765096880950296,0.0,0,0,0,0,0,True,True,True,True,True
setA.h5,tail,3,3429,990,13.730159782041996,1.1160455446299793,0.3095123976037383,"[0.8007453083992004, 0.392543762922287, 0.7072194218635559, 0.6719180345535278, 1.0, 0.4244058132171631]",1,1,2.1870233749137213,2.0765096880950296,2.1870233749137213,0.0,0,0,0,0,0,True,True,True,True,True
setA.h5,tail,3,3430,991,13.747655969041306,1.1100894887338795,0.3410173364070107,"[1.0, -0.8925569653511047, -1.0, 0.19010522961616516, 0.9722084999084473, 0.07825503498315811]",1,1,2.2801637072968894,2.1870233749137213,2.2801637072968894,0.0,0,0,0,0,0,True,True,True,True,True
setA.h5,tail,3,3431,992,13.765897278699681,1.1039323644225687,0.3737748308366474,"[0.8871410489082336, -0.13100194931030273, -0.12628264725208282, 0.6985073089599609, 1.0, -0.17063231766223907]",1,1,2.270768587720351,2.2801637072968894,2.270768587720351,0.0,0,0,0,0,0,True,True,True,True,True
setA.h5,tail,3,3432,993,13.784063427401444,1.0981672020397892,0.40539564085901986,"[0.7391055226325989, -0.40430182218551636, -0.6025287508964539, 0.6840850114822388, 0.8296595811843872, -0.09846308827400208]",1,1,2.3545546005363516,2.270768587720351,2.3545546005363516,0.0,1,1,0,0,0,True,True,True,True,True
setA.h5,tail,3,3433,994,13.802899864205735,1.0922733774358457,0.44067009051937145,"[0.48240208625793457, -0.6657730340957642, -0.5921346545219421, 0.6218413710594177, 0.751141369342804, -0.11731614172458649]",1,1,2.286035668083608,2.3545546005363516,2.286035668083608,0.0,0,0,0,0,0,True,True,True,True,True
setA.h5,tail,3,3434,995,13.821188149550403,1.0868035951616157,0.4724187906169367,"[0.6057162880897522, -0.2964321970939636, -0.6556107997894287, 0.9923485517501831, 0.5424924492835999, -0.35446035861968994]",1,1,2.116249776891399,2.286035668083608,2.116249776891399,0.0,0,0,0,0,0,True,True,True,True,True
setA.h5,tail,3,3435,996,13.838118147765535,1.0826115945689887,0.4946261645604268,"[0.45659610629081726, -0.002624012529850006, -0.5547674298286438, 1.0, 0.4265595078468323, -0.14733752608299255]",1,1,2.0442582445503454,2.116249776891399,2.0442582445503454,0.0,0,0,0,0,0,True,True,True,True,True
setA.h5,tail,3,3436,997,13.854472213721937,1.0794963971555218,0.5115216065140606,"[0.5070363879203796, 0.27318263053894043, -0.710320234298706, 1.0, 0.2821929454803467, -0.25413042306900024]",1,1,2.0582950053935622,2.0442582445503454,2.0582950053935622,0.0,0,0,0,0,0,True,True,True,True,True
setA.h5,tail,3,3437,998,13.870938573765086,1.0770305101809703,0.5256527433123788,"[0.9421506524085999, 0.058623701333999634, -0.9197068214416504, 0.980440616607666, 0.24483078718185425, -0.5757885575294495]",1,1,2.1168440914411946,2.0582950053935622,2.1168440914411946,0.0,0,0,0,0,0,True,True,True,True,True
setA.h5,tail,3,3438,999,13.887873326496615,1.075515541475975,0.540329436529444,"[1.0, 0.22291140258312225, -1.0, 1.0, 0.40625810623168945, -1.0]",1,1,2.167703392647491,2.1168440914411946,,,0,0,0,1,,False,True,True,,
probe.h5,head,0,0,0,-0.0024199603971224726,1.24533402253951,4.161716517375215e-05,"[0.6100058555603027, 0.6158815622329712, 0.030651122331619263, -0.4283972382545471, -0.8921386003494263, -0.23326224088668823]",1,1,-0.06301632971030978,,-0.06301632971030978,0.0,0,0,0,0,0,True,True,True,True,True
probe.h5,head,0,1,1,-0.0029240910348049508,1.2451706054853309,0.0015654857275068752,"[-0.18305358290672302, -0.9094496369361877, -0.9024845957756042, 0.9983522295951843, 0.30473822355270386, -0.530979573726654]",1,1,-0.24012008069958615,-0.06301632971030978,-0.24012008069958615,0.0,0,0,0,0,0,True,True,True,True,True
probe.h5,head,0,2,2,-0.00484505168040164,1.2455848704843098,-0.002436264591071434,"[-0.1301048994064331, 0.9483723640441895, 0.7953552007675171, 0.6884620785713196, -0.21519066393375397, -0.013953962363302708]",1,1,-0.2644610466851396,-0.24012008069958615,-0.2644610466851396,0.0,0,0,0,0,0,True,True,True,True,True
probe.h5,head,0,3,3,-0.006960740053882757,1.2457928594400443,-0.009843832264352915,"[0.3533787131309509, -0.878394603729248, 0.1111922338604927, -0.45709678530693054, 0.7593023180961609, -0.8715711236000061]",1,1,-0.29075917327449535,-0.2644610466851396,-0.29075917327449535,0.0,0,0,0,0,0,True,True,True,True,True
probe.h5,head,0,4,4,-0.00928681344007872,1.2455306061034113,-0.02151211313797813,"[0.3583630621433258, 0.7401769757270813, -0.5453629493713379, 0.790896475315094, 0.7443909645080566, -0.9629655480384827]",1,1,0.00827264757164662,-0.29075917327449535,0.00827264757164662,0.0,0,0,0,0,0,True,True,True,True,True
probe.h5,head,0,5,5,-0.009220632259505547,1.2469500079236016,-0.017289258778965474,"[0.4149911403656006, -0.9976006150245667, 0.006727931089699268, -0.1266658902168274, -0.5934943556785583, -0.35011470317840576]",1,1,-0.13460251593525518,0.00827264757164662,-0.13460251593525518,0.0,0,0,0,0,0,True,True,True,True,True
probe.h5,head,0,6,6,-0.010297452386987588,1.249182619503008,-0.01429630034187494,"[0.6124306917190552, -0.36709582805633545, -0.7019228339195251, 0.3970239758491516, -0.1029118001461029, 0.5978789925575256]",1,1,-0.5330404781574163,-0.13460251593525518,-0.5330404781574163,0.0,0,0,0,0,0,True,True,True,True,True
probe.h5,head,0,7,7,-0.014561776212246918,1.2510456696280852,-0.02416812668751385,"[-0.5289670825004578, -0.36043068766593933, 0.599759042263031, 0.014136278070509434, 0.012770002707839012, -0.5276117324829102]",1,1,-0.7498746705273103,-0.5330404781574163,-0.7498746705273103,0.0,0,0,0,0,0,True,True,True,True,True
probe.h5,head,0,8,8,-0.0205607735764654,1.2522744739523113,-0.04457153920051893,"[-0.9709274172782898, 0.8664478063583374, -0.8283483982086182, 0.6898536086082458, -0.26423853635787964, 0.9020459651947021]",1,1,-0.8798408200853418,-0.7498746705273103,-0.8798408200853418,0.0,0,0,0,0,0,True,True,True,True,True
probe.h5,head,0,9,9,-0.027599500137148136,1.2529495913869966,-0.0830279307184608,"[-0.20114947855472565, 0.8728840947151184, 0.11231955140829086, -0.5197293162345886, 0.4828433394432068, 0.34877943992614746]",1,1,-0.8218636134130152,-0.8798408200853418,-0.8218636134130152,0.0,0,0,0,0,0,True,True,True,True,True
probe.h5,head,0,10,10,-0.03417440904445226,1.2521216775158421,-0.15297768071660992,"[0.3684104382991791, -0.07235127687454224, -0.5562228560447693, 0.28188028931617737, -0.7858210206031799, 0.38444453477859497]",1,1,-0.8081568362313324,-0.8218636134130152,-0.8081568362313324,0.0,0,0,0,0,0,True,True,True,True,True
probe.h5,head,0,11,11,-0.04063966373430292,1.2491804148763457,-0.2229397119713077,"[0.27077358961105347, -0.24697494506835938, 0.5970466732978821, -0.6119490265846252, -0.21908217668533325, 0.5958677530288696]",1,1,-1.0019274905698334,-0.8081568362313324,-1.0019274905698334,0.0,0,0,0,0,0,True,True,True,True,True
probe.h5,head,0,12,12,-0.048655083658861585,1.244750670105851,-0.2730781348382402,"[-0.2390492558479309, 0.42651572823524475, 0.22503560781478882, 0.8820019364356995, 0.9833534359931946, 0.44735249876976013]",1,1,-0.9322246806721729,-1.0019274905698334,-0.9322246806721729,0.0,0,0,0,0,0,True,True,True,True,True
probe.h5,head,0,13,13,-0.05611288110423897,1.2385119712197756,-0.31487196174388116,"[0.6176876425743103, -0.6942699551582336, 0.4257805347442627, 0.6952487826347351, -0.197548508644104, 0.10650008171796799]",1,1,-0.734244917227296,-0.9322246806721729,-0.734244917227296,0.0,0,0,0,0,0,True,True,True,True,True
probe.h5,head,0,14,14,-0.06198684044205734,1.2340781436410786,-0.3106934243626904,"[-0.04102449491620064, 0.9170460104942322, -0.3654443323612213, -0.19583094120025635, -0.9981604218482971, -0.1596309244632721]",1,1,-0.7315775576318684,-0.734244917227296,-0.7315775576318684,0.0,0,0,0,0,0,True,True,True,True,True
probe.h5,head,0,15,15,-0.06783946090311228,1.2308673983493401,-0.278489419813961,"[0.26287221908569336, 0.8699221611022949, 0.8473531603813171, -0.3453003764152527, 0.9777220487594604, -0.6246501207351685]",1,1,-0.5839835845148182,-0.7315775576318684,-0.5839835845148182,0.0,0,0,0,0,0,True,True,True,True,True
probe.h5,head,0,16,16,-0.07251132957923083,1.2262071828802557,-0.26168726366206124,"[0.6465040445327759, -0.6854810118675232, -0.18980269134044647, -0.8530533909797668, 0.7160778641700745, 0.6575961709022522]",1,1,-0.49309626460247724,-0.5839835845148182,-0.49309626460247724,0.0,0,0,0,0,0,True,True,True,True,True
probe.h5,head,0,17,17,-0.07645609969605065,1.2215068913309473,-0.25890117487013836,"[-0.7204213738441467, 0.05421295389533043, -0.4837169945240021, -0.016448600217700005, 0.10641200840473175, -0.7874758839607239]",1,1,-0.6529475026245367,-0.49309626460247724,-0.6529475026245367,0.0,0,0,0,0,0,True,True,True,True,True
probe.h5,head,0,18,18,-0.08167967971704694,1.2172230889735058,-0.2793091690755043,"[0.7287511229515076, -0.4426073729991913, -0.1057533547282219, -0.8854827880859375, -0.9945095777511597, -0.6096809506416321]",1,1,-0.9283746617614694,-0.6529475026245367,-0.9283746617614694,0.0,0,0,0,0,0,True,True,True,True,True
probe.h5,head,0,19,19,-0.0891066770111387,1.2126316110643165,-0.31487924098154707,"[-0.3166496455669403, 0.8562268614768982, 0.7794565558433533, -0.038997966796159744, -0.09048036485910416, 0.3339860737323761]",1,1,-1.0597565211891111,-0.9283746617614694,-1.0597565211891111,0.0,0,0,0,0,0,True,True,True,True,True
probe.h5,head,0,20,20,-0.09758472918065159,1.2062868982203223,-0.35779429675326263,"[0.7175098061561584, -0.3254050016403198, 0.5873090624809265, -0.20202548801898956, 0.18810775876045227, 0.4749339520931244]",1,1,-0.9505580277042927,-1.0597565211891111,-0.9505580277042927,0.0,0,0,0,0,0,True,True,True,True,True
probe.h5,head,0,21,21,-0.10518919340228593,1.1980558943405941,-0.397395348917762,"[0.0027144087944179773, 0.3815515339374542, 0.3946269750595093, -0.9885746240615845, -0.9218689203262329, -0.7019233703613281]",1,1,-1.0756074529959283,-0.9505580277042927,-1.0756074529959283,0.0,0,0,0,0,0,True,True,True,True,True
probe.h5,head,0,22,22,-0.11379405302625335,1.1884957091132524,-0.44421557262942146,"[-0.5727297067642212, -0.5935707688331604, -0.9020688533782959, -0.5655772089958191, 0.20189474523067474, 0.7721503376960754]",1,1,-1.3658014272703838,-1.0756074529959283,-1.3658014272703838,0.0,0,0,0,0,0,True,True,True,True,True
probe.h5,head,0,23,23,-0.12472046444441642,1.1774246200360046,-0.5408078290515952,"[-0.3009923994541168, -0.2671903967857361, -0.1665165275335312, 0.3606835603713989, 0.570547878742218, 0.8819161653518677]",1,1,-1.3239432575446983,-1.3658014272703838,-1.3239432575446983,0.0,0,0,0,0,0,True,True,True,True,True
probe.h5,tail,0,63,63,-0.1919688235257699,0.2686770087273141,-3.7015629693045757,"[0.7933326363563538, -0.06168868765234947, -0.5231073498725891, 0.8223019242286682, 0.768610954284668, -0.7464122772216797]",0,0,-0.15480120218970203,0.043285647724596726,-0.15480120218970203,0.0,0,0,0,0,0,True,True,True,True,True
probe.h5,tail,0,64,64,-0.19320723314328753,0.2755255388576193,-3.769873357447768,"[-0.5771679878234863, 0.3201403319835663, 0.6415607333183289, 0.9203597903251648, -0.9577282667160034, -0.6216304898262024]",0,0,-0.5793255180841713,-0.15480120218970203,-0.5793255180841713,0.0,0,0,0,0,0,True,True,True,True,True
probe.h5,tail,0,65,65,-0.1978418372879609,0.277875174007705,-3.809491826063186,"[-0.15398484468460083, 0.10170229524374008, 0.5568578243255615, 0.11342873424291611, 0.03726687654852867, -0.521472692489624]",0,0,-0.6132389259342792,-0.5793255180841713,-0.6132389259342792,0.0,0,0,0,0,0,True,True,True,True,True
probe.h5,tail,0,66,66,-0.20274774869543513,0.2787141789956248,-3.8432083443070706,"[0.3002661466598511, 0.1647341251373291, 0.8913165926933289, -0.6204906702041626, -0.7504729628562927, -0.29297158122062683]",0,0,-0.5393012563232359,-0.6132389259342792,-0.5393012563232359,0.0,0,0,0,0,0,True,True,True,True,True
probe.h5,tail,0,67,67,-0.20706215874602102,0.27943280136607435,-3.881778252567332,"[-0.3487580716609955, -0.09392101317644119, -0.6569411158561707, 0.4136410653591156, 0.6453016400337219, -0.9874237775802612]",0,0,-0.33772795984650034,-0.5393012563232359,-0.33772795984650034,0.0,0,0,0,0,0,True,True,True,True,True
probe.h5,tail,0,68,68,-0.20976398242479302,0.2789663357517782,-3.9247805947760614,"[0.8205317854881287, -0.8188582062721252, -0.38745349645614624, -0.027296287938952446, -0.15207649767398834, -0.5693170428276062]",0,0,-0.32425193743244524,-0.33772795984650034,-0.32425193743244524,0.0,0,0,0,0,0,True,True,True,True,True
probe.h5,tail,0,69,69,-0.21235799792425258,0.2746332687725896,-3.958291382665066,"[0.4587087631225586, 0.6782804727554321, -0.544916033744812, -0.6704591512680054, 0.03803177922964096, -0.7028143405914307]",0,0,-0.33327329051077714,-0.32425193743244524,-0.33327329051077714,0.0,0,0,0,0,0,True,True,True,True,True
probe.h5,tail,0,70,70,-0.2150241842483388,0.2686925233036405,-3.97592956637701,"[0.8791881203651428, 0.7024930119514465, 0.6696468591690063, -0.17675162851810455, 0.5736510157585144, -0.21652396023273468]",0,0,-0.5369284437030768,-0.33327329051077714,-0.5369284437030768,0.0,0,0,0,0,0,True,True,True,True,True
probe.h5,tail,0,71,71,-0.21931961179796342,0.2629898787501267,-3.9773354758707433,"[-0.08428356051445007, -0.7876767516136169, -0.925161600112915, 0.34081923961639404, -0.6134946942329407, 0.9128463864326477]",0,0,-0.5976048864360164,-0.5369284437030768,-0.5976048864360164,0.0,0,0,0,0,0,True,True,True,True,True
probe.h5,tail,0,72,72,-0.22410045088945155,0.2546610270976334,-3.959077667514024,"[0.13000589609146118, 0.15294668078422546, 0.7890022397041321, -0.40492942929267883, -0.9784422516822815, -0.5605481266975403]",0,0,-0.30088385105453763,-0.5976048864360164,-0.30088385105453763,0.0,0,0,0,0,0,True,True,True,True,True
probe.h5,tail,0,73,73,-0.22650752169788785,0.2439327065905443,-3.940699476278704,"[-0.084368996322155, -0.6961901783943176, -0.438545286655426, 0.47531285881996155, -0.2461371272802353, -0.3169178366661072]",0,0,-0.13020878680950962,-0.30088385105453763,-0.13020878680950962,0.0,0,0,0,0,0,True,True,True,True,True
probe.h5,tail,0,74,74,-0.22754919199236393,0.23073459642715474,-3.9231657907790445,"[-0.5328282117843628, 0.06311503797769547, 0.9908190369606018, -0.661853551864624, 0.687102198600769, 0.5497169494628906]",0,0,0.06174060433305345,-0.13020878680950962,0.06174060433305345,0.0,0,0,0,0,0,True,True,True,True,True
probe.h5,tail,0,75,75,-0.2270552671576995,0.21858339848039643,-3.9150958157613287,"[0.20202459394931793, 0.08589480072259903, 0.04003402963280678, -0.7943980693817139, 0.13788628578186035, 0.9780626893043518]",0,0,0.37896326377770406,0.06174060433305345,0.37896326377770406,0.0,0,0,0,0,0,True,True,True,True,True
probe.h5,tail,0,76,76,-0.22402356104747786,0.21056180204021926,-3.9246313468565717,"[0.45827430486679077, -0.06685055792331696, -0.11438076198101044, 0.7395649552345276, -0.9874565601348877, -0.6000944972038269]",0,0,0.4547902534476275,0.37896326377770406,0.4547902534476275,0.0,0,0,0,0,0,True,True,True,True,True
probe.h5,tail,0,77,77,-0.22038523901989684,0.1994741093088005,-3.9236428360918363,"[0.9149776101112366, 0.3070879280567169, 0.6553694605827332, 0.06759943813085556, -0.9175803065299988, 0.07245343923568726]",0,0,0.2723615100750157,0.4547902534476275,0.2723615100750157,0.0,0,0,0,0,0,True,True,True,True,True
probe.h5,tail,0,78,78,-0.21820634693929672,0.18410868081307574,-3.9022151640474925,"[0.25963181257247925, -0.8231378793716431, -0.038715869188308716, 0.8854149580001831, -0.8755684494972229, -0.9077107310295105]",0,0,0.14910617578031,0.2723615100750157,0.14910617578031,0.0,0,0,0,0,0,True,True,True,True,True
probe.h5,tail,0,79,79,-0.21701349753305424,0.17742571791891298,-3.8908499137076857,"[-0.7938000559806824, 0.3641309142112732, 0.7858471274375916, -0.6875127553939819, 0.6894461512565613, -0.5559785962104797]",0,0,0.19015643146843078,0.14910617578031,0.19015643146843078,0.0,0,0,0,0,0,True,True,True,True,True
probe.h5,tail,0,80,80,-0.2154922460813068,0.17839525877803286,-3.904579396025071,"[0.07651624828577042, 0.5275579690933228, -0.7646592259407043, -0.045287154614925385, 0.7332331538200378, -0.290070503950119]",0,0,0.22615835715946928,0.19015643146843078,0.22615835715946928,0.0,0,0,0,0,0,True,True,True,True,True
probe.h5,tail,0,81,81,-0.21368297922403104,0.1841625290425537,-3.93322562526065,"[0.5948327779769897, -0.09125131368637085, 0.8865596055984497, -0.19887614250183105, 0.6453902721405029, -0.8487069010734558]",0,0,0.12954648440096153,0.22615835715946928,0.12954648440096153,0.0,0,0,0,0,0,True,True,True,True,True
probe.h5,tail,0,82,82,-0.21264660734882335,0.1889782793814166,-3.94817323225739,"[-0.32204577326774597, -0.7086769342422485, -0.19249765574932098, -0.18937309086322784, -0.518939197063446, -0.16186553239822388]",0,0,0.1574459703152578,0.12954648440096153,0.1574459703152578,0.0,0,0,0,0,0,True,True,True,True,True
probe.h5,tail,0,83,83,-0.21138703958630128,0.18810986796218404,-3.9579838413767634,"[0.36326950788497925, 0.15512056648731232, -0.5131528377532959, 0.4226914048194885, 0.4176577925682068, -0.15635302662849426]",0,0,0.15517582496120744,0.1574459703152578,0.15517582496120744,0.0,0,0,0,0,0,True,True,True,True,True
probe.h5,tail,0,84,84,-0.21014563298661162,0.18451012911742323,-3.9613491746705742,"[-0.0811590850353241, -0.6536611914634705, 0.6694226861000061, -0.2867039740085602, -0.4140411913394928, 0.8573408722877502]",0,0,0.09562376903670886,0.15517582496120744,0.09562376903670886,0.0,0,0,0,0,0,True,True,True,True,True
probe.h5,tail,0,85,85,-0.20938064283431795,0.18299273775442523,-3.963773568421804,"[-0.3891281187534332, -0.6040525436401367, -0.2351568341255188, 0.031362973153591156, 0.2283080369234085, -0.20314481854438782]",0,0,0.05477077445420128,0.09562376903670886,0.05477077445420128,0.0,0,0,0,0,0,True,True,True,True,True
probe.h5,tail,0,86,86,-0.20894247663868434,0.18269163680470618,-3.9678640992535694,"[0.36840054392814636, -0.954047679901123, 0.8531492948532104, -0.07752320915460587, -0.10271647572517395, -0.10657785087823868]",0,0,-0.013626920016579502,0.05477077445420128,,,0,0,0,0,0,False,True,True,,True
probe.h5,head,1,87,0,0.00432612579595962,1.2535292462949914,-0.004144357862881182,"[1.0, 1.0, 1.0, 1.0, 1.0, 1.0]",1,1,0.27255164687307365,,0.27255164687307365,0.0,0,0,0,0,0,True,True,True,True,True
probe.h5,head,1,88,1,0.00650653897094421,1.2517166907727382,0.010474813614184175,"[1.0, 1.0, 1.0, 1.0, 1.0, 1.0]",1,1,0.40761746480825123,0.27255164687307365,0.40761746480825123,0.0,0,0,0,0,0,True,True,True,True,True
probe.h5,head,1,89,2,0.00976747868941022,1.2463455548869582,0.022436027265026942,"[1.0, 1.0, 1.0, 1.0, 1.0, 1.0]",1,1,0.3474229212410704,0.40761746480825123,0.3474229212410704,0.0,0,0,0,0,0,True,True,True,True,True
probe.h5,head,1,90,3,0.012546862059338783,1.2378339057872896,0.027024029770977696,"[1.0, 1.0, 1.0, 1.0, 1.0, 1.0]",1,1,0.1095834108840513,0.3474229212410704,0.1095834108840513,0.0,0,0,0,0,0,True,True,True,True,True
probe.h5,head,1,91,4,0.013423529346411193,1.2276784696303558,0.021079960790969226,"[1.0, 1.0, 1.0, 1.0, 1.0, 1.0]",1,1,-0.07860343581179377,0.1095834108840513,-0.07860343581179377,0.0,0,0,0,0,0,True,True,True,True,True
probe.h5,head,1,92,5,0.012794701859916843,1.2212933477123862,0.01328847542147848,"[1.0, 1.0, 1.0, 1.0, 1.0, 1.0]",1,1,-0.03709838349637176,-0.07860343581179377,-0.03709838349637176,0.0,0,0,0,0,0,True,True,True,True,True
probe.h5,head,1,93,6,0.012497914791945869,1.216984949592598,0.010311787896961695,"[1.0, 1.0, 1.0, 1.0, 1.0, 1.0]",1,1,0.012100895412021353,-0.03709838349637176,0.012100895412021353,0.0,0,0,0,0,0,True,True,True,True,True
probe.h5,head,1,94,7,0.01259472195524204,1.212960045185553,0.01049530174037214,"[1.0, 1.0, 1.0, 1.0, 1.0, 1.0]",1,1,0.02962335859580008,0.012100895412021353,0.02962335859580008,0.0,0,0,0,0,0,True,True,True,True,True
probe.h5,head,1,95,8,0.01283170882400844,1.2087701078886888,0.012054972977292223,"[1.0, 1.0, 1.0, 1.0, 1.0, 1.0]",1,1,-0.08327573545722036,0.02962335859580008,-0.08327573545722036,0.0,0,0,0,0,0,True,True,True,True,True
probe.h5,head,1,96,9,0.012165502940350677,1.206187717012806,0.011625635467768191,"[1.0, 1.0, 1.0, 1.0, 1.0, 1.0]",1,1,-0.17142155754758312,-0.08327573545722036,-0.17142155754758312,0.0,0,0,0,0,0,True,True,True,True,True
probe.h5,head,1,97,10,0.010794130479970012,1.2052423187226997,0.009257106569652139,"[1.0, 1.0, 1.0, 1.0, 1.0, 1.0]",1,1,-0.1951520924692099,-0.17142155754758312,-0.1951520924692099,0.0,0,0,0,0,0,True,True,True,True,True
probe.h5,head,1,98,11,0.009232913740216333,1.2051563817845572,0.00613527894678801,"[1.0, 1.0, 1.0, 1.0, 1.0, 1.0]",1,1,-0.18641805826828747,-0.1951520924692099,-0.18641805826828747,0.0,0,0,0,0,0,True,True,True,True,True
probe.h5,head,1,99,12,0.007741569274070033,1.2054766900601896,0.002944913608278078,"[1.0, 1.0, 1.0, 1.0, 1.0, 1.0]",1,1,-0.1637694499993271,-0.18641805826828747,-0.1637694499993271,0.0,0,0,0,0,0,True,True,True,True,True
probe.h5,head,1,100,13,0.0064314136740754166,1.2059501788120606,3.449697308380859e-05,"[1.0, 1.0, 1.0, 1.0, 1.0, 1.0]",1,1,-0.13696439255436624,-0.1637694499993271,-0.13696439255436624,0.0,0,0,0,0,0,True,True,True,True,True
probe.h5,head,1,101,14,0.005335698533640487,1.2064435962923632,-0.002447104585377698,"[1.0, 1.0, 1.0, 1.0, 1.0, 1.0]",1,1,-0.11090698936527733,-0.13696439255436624,-0.11090698936527733,0.0,0,0,0,0,0,True,True,True,True,True
probe.h5,head,1,102,15,0.004448442618718268,1.2068930915584628,-0.004464820553522904,"[1.0, 1.0, 1.0, 1.0, 1.0, 1.0]",1,1,-0.08794367247562287,-0.11090698936527733,-0.08794367247562287,0.0,0,0,0,0,0,True,True,True,True,True
probe.h5,head,1,103,16,0.003744893238913285,1.207273879595833,-0.00604689866124479,"[1.0, 1.0, 1.0, 1.0, 1.0, 1.0]",1,1,-0.06893327932758707,-0.08794367247562287,-0.06893327932758707,0.0,0,0,0,0,0,True,True,True,True,True
probe.h5,head,1,104,17,0.0031934270042925884,1.2075818764913584,-0.007251980785740497,"[1.0, 1.0, 1.0, 1.0, 1.0, 1.0]",1,1,-0.053948810045377354,-0.06893327932758707,-0.053948810045377354,0.0,0,0,0,0,0,True,True,True,True,True
probe.h5,head,1,105,18,0.0027618365239295696,1.2078230844785813,-0.008149560361911626,"[1.0, 1.0, 1.0, 1.0, 1.0, 1.0]",1,1,-0.042675976021368155,-0.053948810045377354,-0.042675976021368155,0.0,0,0,0,0,0,True,True,True,True,True
probe.h5,head,1,106,19,0.0024204287157586243,1.2080076326634492,-0.008808993388456718,"[1.0, 1.0, 1.0, 1.0, 1.0, 1.0]",1,1,-0.03450803267318473,-0.042675976021368155,-0.03450803267318473,0.0,0,0,0,0,0,True,True,True,True,True
probe.h5,head,1,107,20,0.0021443644543731465,1.2081458731501913,-0.009290919412995683,"[1.0, 1.0, 1.0, 1.0, 1.0, 1.0]",1,1,-0.028818674177202894,-0.03450803267318473,-0.028818674177202894,0.0,0,0,0,0,0,True,True,True,True,True
probe.h5,head,1,108,21,0.0019138150609555233,1.2082452017482734,-0.009645157354495669,"[1.0, 1.0, 1.0, 1.0, 1.0, 1.0]",1,1,-0.025053366614105777,-0.028818674177202894,-0.025053366614105777,0.0,0,0,0,0,0,True,True,True,True,True
probe.h5,head,1,109,22,0.001713388128042677,1.208311107937917,-0.009911028299399136,"[1.0, 1.0, 1.0, 1.0, 1.0, 1.0]",1,1,-0.02274385208499941,-0.025053366614105777,-0.02274385208499941,0.0,0,0,0,0,0,True,True,True,True,True
probe.h5,head,1,110,23,0.0015314373113626818,1.208349525962148,-0.010118424097959152,"[1.0, 1.0, 1.0, 1.0, 1.0, 1.0]",1,1,-0.021509907441126894,-0.02274385208499941,-0.021509907441126894,0.0,0,0,0,0,0,True,True,True,True,True
probe.h5,tail,1,329,242,-1.2409913883045198,0.04955186335509871,-1.5532641127452989,"[1.0, 1.0, 1.0, 1.0, 1.0, 1.0]",0,0,0.007902583607111158,0.010201366480416807,0.007902583607111158,0.0,0,0,0,0,0,True,True,True,True,True
probe.h5,tail,1,330,243,-1.240928167635663,0.05099581596724259,-1.5514233467264813,"[1.0, 1.0, 1.0, 1.0, 1.0, 1.0]",0,0,0.005948908473801806,0.007902583607111158,0.005948908473801806,0.0,0,0,0,0,0,True,True,True,True,True
probe.h5,tail,1,331,244,-1.2408805763678725,0.05204200194239768,-1.5501193848243529,"[1.0, 1.0, 1.0, 1.0, 1.0, 1.0]",0,0,0.004406858022082405,0.005948908473801806,0.004406858022082405,0.0,0,0,0,0,0,True,True,True,True,True
probe.h5,tail,1,332,245,-1.2408453215036959,0.05279519913506932,-1.5492105734318484,"[1.0, 1.0, 1.0, 1.0, 1.0, 1.0]",0,0,0.0032318093138306025,0.004406858022082405,0.0032318093138306025,0.0,0,0,0,0,0,True,True,True,True,True
probe.h5,tail,1,333,246,-1.2408194670291852,0.05333494636158308,-1.5485850954528189,"[1.0, 1.0, 1.0, 1.0, 1.0, 1.0]",0,0,0.0023574027853690005,0.0032318093138306025,0.0023574027853690005,0.0,0,0,0,0,0,True,True,True,True,True
probe.h5,tail,1,334,247,-1.2408006078069023,0.05372063089906812,-1.5481577940190783,"[1.0, 1.0, 1.0, 1.0, 1.0, 1.0]",0,0,0.0017039126088413958,0.0023574027853690005,0.0017039126088413958,0.0,0,0,0,0,0,True,True,True,True,True
probe.h5,tail,1,335,248,-1.2407869765060315,0.05399459955603318,-1.5478694027258137,"[1.0, 1.0, 1.0, 1.0, 1.0, 1.0]",0,0,0.001205314540758673,0.0017039126088413958,0.001205314540758673,0.0,0,0,0,0,0,True,True,True,True,True
probe.h5,tail,1,336,249,-1.2407773339897055,0.054186588932778876,-1.5476802472183553,"[1.0, 1.0, 1.0, 1.0, 1.0, 1.0]",0,0,0.0008316426631238549,0.001205314540758673,0.0008316426631238549,0.0,0,0,0,0,0,True,True,True,True,True
probe.h5,tail,1,337,250,-1.2407706808484005,0.05431905411440777,-1.5475613825460932,"[1.0, 1.0, 1.0, 1.0, 1.0, 1.0]",0,0,0.0005633168582708237,0.0008316426631238549,0.0005633168582708237,0.0,0,0,0,0,0,True,True,True,True,True
probe.h5,tail,1,338,251,-1.2407661743135343,0.05440950911357407,-1.5474904478372697,"[1.0, 1.0, 1.0, 1.0, 1.0, 1.0]",0,0,0.0003768355036626314,0.0005633168582708237,0.0003768355036626314,0.0,0,0,0,0,0,True,True,True,True,True
probe.h5,tail,1,339,252,-1.240763159629505,0.05447094756456626,-1.5474509070712958,"[1.0, 1.0, 1.0, 1.0, 1.0, 1.0]",0,0,0.00024983146881818463,0.0003768355036626314,0.00024983146881818463,0.0,0,0,0,0,0,True,True,True,True,True
probe.h5,tail,1,340,253,-1.2407611609777545,0.05451258147390426,-1.5474311602135609,"[1.0, 1.0, 1.0, 1.0, 1.0, 1.0]",0,0,0.0001644971635850201,0.00024983146881818463,0.0001644971635850201,0.0,0,0,0,0,0,True,True,True,True,True
probe.h5,tail,1,341,254,-1.2407598450004458,0.054540784544207896,-1.5474233770113142,"[1.0, 1.0, 1.0, 1.0, 1.0, 1.0]",0,0,0.00010771133501785712,0.0001644971635850201,0.00010771133501785712,0.0,0,0,0,0,0,True,True,True,True,True
probe.h5,tail,1,342,255,-1.2407589833097656,0.05455990746078036,-1.5474224412792434,"[1.0, 1.0, 1.0, 1.0, 1.0, 1.0]",0,0,7.019711897870984e-05,0.00010771133501785712,7.019711897870984e-05,0.0,0,0,0,0,0,True,True,True,True,True
probe.h5,tail,1,343,256,-1.2407584217328138,0.05457289777104459,-1.5474251150552951,"[1.0, 1.0, 1.0, 1.0, 1.0, 1.0]",0,0,4.555733146283103e-05,7.019711897870984e-05,4.555733146283103e-05,0.0,0,0,0,0,0,True,True,True,True,True
probe.h5,tail,1,344,257,-1.240758057274162,0.05458174456634654,-1.5474294207319748,"[1.0, 1.0, 1.0, 1.0, 1.0, 1.0]",0,0,2.9452006999886038e-05,4.555733146283103e-05,2.9452006999886038e-05,0.0,0,0,0,0,0,True,True,True,True,True
probe.h5,tail,1,345,258,-1.240757821658106,0.05458778790051837,-1.5474342035973845,"[1.0, 1.0, 1.0, 1.0, 1.0, 1.0]",0,0,1.8970005372098697e-05,2.9452006999886038e-05,1.8970005372098697e-05,0.0,0,0,0,0,0,True,True,True,True,True
probe.h5,tail,1,346,259,-1.2407576698980631,0.05459193042340011,-1.5474388316817584,"[1.0, 1.0, 1.0, 1.0, 1.0, 1.0]",0,0,1.2174697222588904e-05,1.8970005372098697e-05,1.2174697222588904e-05,0.0,0,0,0,0,0,True,True,True,True,True
probe.h5,tail,1,347,260,-1.2407575725004854,0.05459478069867349,-1.5474429950653126,"[1.0, 1.0, 1.0, 1.0, 1.0, 1.0]",0,0,7.785906752655336e-06,1.2174697222588904e-05,7.785906752655336e-06,0.0,0,0,0,0,0,True,True,True,True,True
probe.h5,tail,1,348,261,-1.2407575102132313,0.05459674970634283,-1.5474465748327224,"[1.0, 1.0, 1.0, 1.0, 1.0, 1.0]",0,0,4.9617449870975605e-06,7.785906752655336e-06,4.9617449870975605e-06,0.0,0,0,0,0,0,True,True,True,True,True
probe.h5,tail,1,349,262,-1.2407574705192714,0.054598115624707864,-1.5474495595379387,"[1.0, 1.0, 1.0, 1.0, 1.0, 1.0]",0,0,3.150997518464038e-06,4.9617449870975605e-06,3.150997518464038e-06,0.0,0,0,0,0,0,True,True,True,True,True
probe.h5,tail,1,350,263,-1.2407574453112913,0.05459906726226475,-1.5474519933630166,"[1.0, 1.0, 1.0, 1.0, 1.0, 1.0]",0,0,1.9942075490941846e-06,3.150997518464038e-06,1.9942075490941846e-06,0.0,0,0,0,0,0,True,True,True,True,True
probe.h5,tail,1,351,264,-1.240757429357631,0.05459973317347311,-1.5474539449821858,"[1.0, 1.0, 1.0, 1.0, 1.0, 1.0]",0,0,1.2578563746146187e-06,1.9942075490941846e-06,1.2578563746146187e-06,0.0,0,0,0,0,0,True,True,True,True,True
probe.h5,tail,1,352,265,-1.24075741929478,0.054600201192772764,-1.5474554896662447,"[1.0, 1.0, 1.0, 1.0, 1.0, 1.0]",0,0,7.908066423922833e-07,1.2578563746146187e-06,,,0,0,0,0,0,False,True,True,,True
probe.h5,head,2,353,0,0.0007828710761192655,1.2534268770589188,-0.002304219206394843,"[0.5487165451049805, -0.017304981127381325, -0.15270450711250305, -0.08060487359762192, -0.0744149461388588, 0.06305775791406631]",1,1,0.01515621392078544,,0.01515621392078544,0.0,0,0,0,0,0,True,True,True,True,True
probe.h5,head,2,354,1,0.000904120787485549,1.253160482548573,0.002320770184807382,"[0.5519192218780518, -0.3063424229621887, 0.33825692534446716, 0.3727763891220093, 0.1476738452911377, 0.20768903195858002]",1,1,-0.04888109153217174,0.01515621392078544,-0.04888109153217174,0.0,0,0,0,0,0,True,True,True,True,True
probe.h5,head,2,355,2,0.0005130720552281751,1.2519320342622926,0.0029560351049740252,"[0.143293559551239, -0.4417130947113037, 0.7510864734649658, 0.6687037348747253, -0.08118006587028503, 0.056501731276512146]",1,1,-0.202597953589102,-0.04888109153217174,-0.202597953589102,0.0,0,0,0,0,0,True,True,True,True,True
probe.h5,head,2,356,3,-0.0011077115734846408,1.2490742579853924,-0.0037537025763953085,"[0.14438536763191223, -0.4224545955657959, 0.15227676928043365, 0.2481934130191803, -0.17418242990970612, 0.1438315212726593]",1,1,-0.41891383388809844,-0.202597953589102,-0.41891383388809844,0.0,0,0,0,0,0,True,True,True,True,True
probe.h5,head,2,357,4,-0.0044590222445894286,1.2446807691667758,-0.019069581723456734,"[0.27989381551742554, -0.15469710528850555, 0.18994265794754028, 0.24279214441776276, -0.051502108573913574, 0.08008714020252228]",1,1,-0.5639642370354727,-0.41891383388809844,-0.5639642370354727,0.0,0,0,0,0,0,True,True,True,True,True
probe.h5,head,2,358,5,-0.00897073614087321,1.2390227575747674,-0.039929850131189125,"[0.08214394748210907, -0.3983079791069031, 0.2831360101699829, 0.04512043297290802, -0.1327039748430252, -0.08452388644218445]",1,1,-0.6936334702995388,-0.5639642370354727,-0.6936334702995388,0.0,0,0,0,0,0,True,True,True,True,True
probe.h5,head,2,359,6,-0.014519803903269521,1.232061014411363,-0.06608477596389156,"[0.23190535604953766, -0.2620936632156372, 0.32262787222862244, 0.11483396589756012, -0.22774742543697357, 0.002607760950922966]",1,1,-0.8604472668289366,-0.6936334702995388,-0.8604472668289366,0.0,0,0,0,0,0,True,True,True,True,True
probe.h5,head,2,360,7,-0.021403382037901014,1.223571410324947,-0.09808037714837836,"[0.11265193670988083, -0.34291863441467285, 0.5168702602386475, -0.02871030569076538, -0.15285557508468628, 0.008164986036717892]",1,1,-1.014582039585207,-0.8604472668289366,-1.014582039585207,0.0,0,0,0,0,0,True,True,True,True,True
probe.h5,head,2,361,8,-0.02952003835458267,1.2135508228689893,-0.13531461402803324,"[0.0949060469865799, 0.3277793526649475, 0.38095900416374207, -0.2231169044971466, -0.22937659919261932, 0.40038853883743286]",1,1,-1.0942297278463404,-1.014582039585207,-1.0942297278463404,0.0,0,0,0,0,0,True,True,True,True,True
probe.h5,head,2,362,9,-0.038273876177353394,1.2029968711335663,-0.17830658339526606,"[0.14017488062381744, 0.1960287243127823, 0.29808130860328674, -0.03646326810121536, -0.09297595918178558, 0.27515336871147156]",1,1,-1.0585196014223026,-1.0942297278463404,-1.0585196014223026,0.0,0,0,0,0,0,True,True,True,True,True
probe.h5,head,2,363,10,-0.046742032988731815,1.191428241333716,-0.22287645162364986,"[0.17441055178642273, 0.008889742195606232, 0.17225974798202515, -0.7021874785423279, -0.38143789768218994, 0.06570848077535629]",1,1,-1.1178602734775462,-1.0585196014223026,-1.1178602734775462,0.0,0,0,0,0,0,True,True,True,True,True
probe.h5,head,2,364,11,-0.055684915176552184,1.1784036894858445,-0.2762491838837824,"[0.24397307634353638, 0.16974270343780518, 0.02718012034893036, -0.662932276725769, -0.2588173747062683, -0.11391390115022659]",1,1,-1.2604269222374698,-1.1178602734775462,-1.2604269222374698,0.0,0,0,0,0,0,True,True,True,True,True
probe.h5,head,2,365,12,-0.06576833055445194,1.1636377759563936,-0.3497230855310396,"[0.10777971148490906, 0.04549180716276169, 0.28523439168930054, -0.5145276188850403, -0.3562290668487549, 0.04847048968076706]",1,1,-1.362158577622629,-1.2604269222374698,-1.362158577622629,0.0,0,0,0,0,0,True,True,True,True,True
probe.h5,head,2,366,13,-0.07666559917543297,1.1470129357815748,-0.44033266731303816,"[0.12907715141773224, 0.20757344365119934, 0.11673040688037872, -0.6138360500335693, -0.28824880719184875, 0.07325103878974915]",1,1,-1.4144973247310622,-1.362158577622629,-1.4144973247310622,0.0,0,0,0,0,0,True,True,True,True,True
probe.h5,head,2,367,14,-0.08798157777328147,1.1275646849414709,-0.5488865704559501,"[-0.011509060859680176, 0.0091952383518219, -0.4096587002277374, -0.4828526973724365, -0.20030207931995392, -0.136036679148674]",1,1,-1.40426564426511,-1.4144973247310622,-1.40426564426511,0.0,0,0,0,0,0,True,True,True,True,True
probe.h5,head,2,368,15,-0.09921570292740235,1.1046907795516927,-0.6772244024023943,"[0.005804999731481075, 0.18744005262851715, -0.4424934983253479, -0.333281934261322, -0.31745481491088867, -0.143007293343544]",1,1,-1.3171737896128712,-1.40426564426511,-1.3171737896128712,0.0,0,0,0,0,0,True,True,True,True,True
probe.h5,head,2,369,16,-0.10975309324430532,1.0782258267236584,-0.820734799624034,"[-0.1208699643611908, 0.15526995062828064, -0.5773269534111023, -0.6420274376869202, -0.34736254811286926, -0.2913382947444916]",1,1,-1.1527085954964427,-1.3171737896128712,-1.1527085954964427,0.0,0,0,0,0,0,True,True,True,True,True
probe.h5,head,2,370,17,-0.11897476200827686,1.0474626623048333,-0.9845138345129829,"[0.024624640122056007, 0.34507763385772705, -0.4916788637638092, -0.5008889436721802, -0.29637446999549866, -0.15204420685768127]",1,1,-0.8335153768061071,-1.1527085954964427,-0.8335153768061071,0.0,0,0,0,0,0,True,True,True,True,True
probe.h5,head,2,371,18,-0.12564288502272572,1.0118805637441755,-1.171204691610933,"[0.005613116547465324, 0.019587084650993347, 0.11095269024372101, -0.3059570789337158, -0.059796541929244995, -0.2049148827791214]",0,0,-0.3581870480867874,-0.8335153768061071,-0.3581870480867874,0.0,0,0,0,0,0,True,True,True,True,True
probe.h5,head,2,372,19,-0.12850838140742002,0.9723206932015344,-1.3692153731750534,"[0.011748045682907104, 0.015153490006923676, -0.3825226426124573, -0.5242902040481567, -0.2197081744670868, -0.18207094073295593]",0,0,0.17352459293243708,-0.3581870480867874,0.17352459293243708,0.0,0,0,0,0,0,True,True,True,True,True
probe.h5,head,2,373,20,-0.12712018466396052,0.9292828361614461,-1.5780023571648507,"[-0.17854970693588257, 0.2964816093444824, -0.1501435935497284, -0.7366325855255127, -0.5190712809562683, -0.09936095774173737]",0,0,0.8865527550199759,0.17352459293243708,0.8865527550199759,0.0,0,0,0,0,0,True,True,True,True,True
probe.h5,head,2,374,21,-0.12002776262380072,0.8824860874409678,-1.808797825674154,"[-0.4003370702266693, 0.44024530053138733, -0.31289225816726685, -0.4611841142177582, -0.4904802441596985, -0.057745836675167084]",0,0,1.8628918007094242,0.8865527550199759,1.8628918007094242,0.0,0,0,0,0,0,True,True,True,True,True
probe.h5,head,2,375,22,-0.10512462821812532,0.8329586551779337,-2.0682961678192457,"[-0.17438523471355438, 0.20190094411373138, -0.013367734849452972, -0.39268726110458374, -0.41251105070114136, -0.16303656995296478]",0,0,2.900302110155257,1.8628918007094242,2.900302110155257,0.0,1,1,0,0,0,True,True,True,True,True
probe.h5,head,2,376,23,-0.08192221133688327,0.7840910992929357,-2.354320445745478,"[-0.20346705615520477, 0.2580692172050476, -0.028423935174942017, -0.5911471843719482, -0.41104960441589355, -0.21497458219528198]",0,0,3.9382711022289874,2.900302110155257,3.9382711022289874,0.0,1,1,0,0,0,True,True,True,True,True
probe.h5,tail,2,407,54,-0.05445529501069961,0.24300635000913332,-3.6260714735308968,"[0.021870598196983337, 0.2559097707271576, -0.32564979791641235, -0.2616196274757385, 0.042866457253694534, 0.46354275941848755]",0,0,0.6094814279562497,0.4985121051738631,0.6094814279562497,0.0,0,0,0,0,0,True,True,True,True,True
probe.h5,tail,2,408,55,-0.04957944358704961,0.24778900007949511,-3.648654904955487,"[0.056217025965452194, 0.21647892892360687, -0.4299401044845581, -0.13034914433956146, -0.12792310118675232, 0.15129804611206055]",0,0,0.7104314433936942,0.6094814279562497,0.7104314433936942,0.0,0,0,0,0,0,True,True,True,True,True
probe.h5,tail,2,409,56,-0.04389599203990006,0.25270880654295463,-3.674115075220187,"[0.509319543838501, 0.20689606666564941, -0.008161336183547974, 0.28240180015563965, 0.00600702129304409, -0.023489583283662796]",0,0,0.5192920944302329,0.7104314433936942,0.5192920944302329,0.0,0,0,0,0,0,True,True,True,True,True
probe.h5,tail,2,410,57,-0.039741655284458194,0.25643190156144335,-3.6874654271438394,"[0.57657790184021, 0.2777685225009918, -0.1755976676940918, -0.005357116460800171, -0.01575491577386856, 0.06908570230007172]",0,0,0.16980219391165943,0.5192920944302329,0.16980219391165943,0.0,0,0,0,0,0,True,True,True,True,True
probe.h5,tail,2,411,58,-0.03838323773316492,0.25787688418820975,-3.6793595943197532,"[0.26325762271881104, -0.22455555200576782, -0.4843072295188904, -0.07729931175708771, -0.023386409506201744, -0.011295406147837639]",0,0,0.02668998347564802,0.16980219391165943,0.02668998347564802,0.0,0,0,0,0,0,True,True,True,True,True
probe.h5,tail,2,412,59,-0.038169717865359734,0.25758042143390947,-3.658408656477788,"[0.1428608000278473, 0.12341053783893585, 0.020307457074522972, 0.1940675675868988, -0.00827772170305252, 0.2862151861190796]",0,0,-0.07479357281157516,0.02668998347564802,-0.07479357281157516,0.0,0,0,0,0,0,True,True,True,True,True
probe.h5,tail,2,413,60,-0.038768066447852335,0.2560122520834553,-3.628529847711301,"[-0.2200680822134018, 0.1307220607995987, -0.03703266754746437, -0.11913353204727173, -0.1426476538181305, -0.20739313960075378]",0,0,-0.09586661679610117,-0.07479357281157516,-0.09586661679610117,0.0,0,0,0,0,0,True,True,True,True,True
probe.h5,tail,2,414,61,-0.039534999382221145,0.25423200887558983,-3.598630850479548,"[-0.46508800983428955, -0.19726893305778503, -0.01076596975326538, -0.05409107357263565, 0.010970315895974636, -0.41718995571136475]",0,0,0.11122078092174348,-0.09586661679610117,0.11122078092174348,0.0,0,0,0,0,0,True,True,True,True,True
probe.h5,tail,2,415,62,-0.0386452331348472,0.25339628330165714,-3.581546882210473,"[-0.136400043964386, 0.19727975130081177, -0.22290340065956116, 0.13266611099243164, -0.3356240689754486, -0.13922423124313354]",0,0,0.24031306850440942,0.11122078092174348,0.24031306850440942,0.0,0,0,0,0,0,True,True,True,True,True
probe.h5,tail,2,416,63,-0.03672272858681192,0.2527966629837311,-3.5729168346037534,"[-0.2746468186378479, 0.09473510831594467, -0.06683428585529327, -0.39809951186180115, -0.43153151869773865, -0.08226659893989563]",0,0,0.42551968946293994,0.24031306850440942,0.42551968946293994,0.0,0,0,0,0,0,True,True,True,True,True
probe.h5,tail,2,417,64,-0.0333185710711084,0.25228734898095817,-3.575428526309621,"[0.2808859646320343, 0.3189980983734131, -0.061821676790714264, -0.011283982545137405, -0.0699634701013565, -0.09131380915641785]",0,0,0.5408816802544877,0.42551968946293994,0.5408816802544877,0.0,0,0,0,0,0,True,True,True,True,True
probe.h5,tail,2,418,65,-0.0289915176290725,0.25155292395942647,-3.5843401025648265,"[0.24602559208869934, 0.2435285747051239, 0.020676076412200928, 0.012385964393615723, 0.24578654766082764, -0.15748149156570435]",0,0,0.3924285174955965,0.5408816802544877,0.3924285174955965,0.0,0,0,0,0,0,True,True,True,True,True
probe.h5,tail,2,419,66,-0.025852089489107728,0.24972809278933925,-3.5851351160915668,"[-0.2025378793478012, 0.1661910116672516, -0.0952673852443695, -0.10577858984470367, -0.12381203472614288, -0.05561668425798416]",0,0,0.3838109347041969,0.3924285174955965,0.3838109347041969,0.0,0,0,0,0,0,True,True,True,True,True
probe.h5,tail,2,420,67,-0.022781602011474153,0.24773297717830756,-3.586798131827769,"[0.24719935655593872, 0.38036108016967773, 0.17168709635734558, 0.035434119403362274, 0.07327869534492493, -0.057810842990875244]",0,0,0.32641651904059255,0.3838109347041969,0.32641651904059255,0.0,0,0,0,0,0,True,True,True,True,True
probe.h5,tail,2,421,68,-0.020170269859149412,0.24620226617549015,-3.5882790855550173,"[-0.17779722809791565, -0.12388613820075989, 0.21281708776950836, 0.032437123358249664, -0.00701121985912323, -0.13319624960422516]",0,0,0.22624351625323946,0.32641651904059255,0.22624351625323946,0.0,0,0,0,0,0,True,True,True,True,True
probe.h5,tail,2,422,69,-0.018360321729123497,0.24489725315115254,-3.5869706814398925,"[0.46205440163612366, 0.02289513498544693, 0.8101823329925537, 0.2262267917394638, 0.21139469742774963, -0.10814802348613739]",0,0,0.026852146344023657,0.22624351625323946,0.026852146344023657,0.0,0,0,0,0,0,True,True,True,True,True
probe.h5,tail,2,423,70,-0.018145504558371307,0.24306914748684103,-3.5765250108909075,"[0.26294711232185364, -0.21125033497810364, 0.23173898458480835, 0.2858937680721283, -0.09340645372867584, 0.14851778745651245]",0,0,-0.3419726966152579,0.026852146344023657,-0.3419726966152579,0.0,0,0,0,0,0,True,True,True,True,True
probe.h5,tail,2,424,71,-0.02088128613129337,0.2396093779462544,-3.5464183311026094,"[0.2802867591381073, -0.1485101729631424, 0.21986597776412964, 0.1416117250919342, 0.026816001161932945, -0.012319352477788925]",0,0,-0.5871478097751793,-0.3419726966152579,-0.5871478097751793,0.0,0,0,0,0,0,True,True,True,True,True
probe.h5,tail,2,425,72,-0.025578468609494805,0.23510872931252091,-3.5026227054232173,"[0.09113965928554535, -0.16107654571533203, 0.24918311834335327, 0.08064500987529755, 0.04323790967464447, 0.18664060533046722]",0,0,-0.29607071773846527,-0.5871478097751793,-0.29607071773846527,0.0,0,0,0,0,0,True,True,True,True,True
probe.h5,tail,2,426,73,-0.027947034351402528,0.2328708614113653,-3.4747358374261537,"[-0.056341350078582764, 0.08363660424947739, 0.24123895168304443, -0.1366851031780243, 0.05565744638442993, 0.08690145611763]",0,0,-0.07856799803382082,-0.29607071773846527,-0.07856799803382082,0.0,0,0,0,0,0,True,True,True,True,True
probe.h5,tail,2,427,74,-0.028575578335673094,0.23264945780681792,-3.461082364604897,"[0.44546034932136536, -0.18956804275512695, 0.1678929477930069, -0.08747909218072891, -0.4352768361568451, -0.0497097447514534]",0,0,0.03997001647559504,-0.07856799803382082,0.03997001647559504,0.0,0,0,0,0,0,True,True,True,True,True
probe.h5,tail,2,428,75,-0.028255818203868334,0.2334642215533784,-3.4527492678411673,"[0.1215052381157875, -0.025357645004987717, 0.05895790457725525, -0.16173920035362244, -0.44483184814453125, -0.19766704738140106]",0,0,0.13161834208144868,0.03997001647559504,0.13161834208144868,0.0,0,0,0,0,0,True,True,True,True,True
probe.h5,tail,2,429,76,-0.027202871467216744,0.2347767915841554,-3.445358766168403,"[-0.06464308500289917, -0.04556328058242798, -0.198068767786026, -0.3506534993648529, -0.1586180031299591, -0.14159828424453735]",0,0,0.18393648373954016,0.13161834208144868,0.18393648373954016,0.0,0,0,0,0,0,True,True,True,True,True
probe.h5,tail,2,430,77,-0.025731379597300423,0.23635269110436596,-3.4388195469992087,"[-0.34112533926963806, 0.0391419380903244, -0.0835672914981842, -0.330910325050354, -0.3325708508491516, -0.10777747631072998]",0,0,0.1993183804062247,0.18393648373954016,,,0,0,0,0,0,False,True,True,,True
probe.h5,head,3,431,0,-0.003756463784233625,1.2453998956403585,0.0013923047191153736,"[0.4014928340911865, 0.5307266712188721, 0.47843998670578003, 0.3446843922138214, 0.5067458748817444, 0.4352453947067261]",1,1,0.13311744082433094,,0.13311744082433094,0.0,0,0,0,0,0,True,True,True,True,True
probe.h5,head,3,432,1,-0.0026915242576389773,1.2444098636230532,0.005642621012752138,"[0.3022826313972473, 0.5314749479293823, 0.1008298397064209, 0.35981249809265137, 0.3538878858089447, 0.15880322456359863]",1,1,0.18082119487062118,0.13311744082433094,0.18082119487062118,0.0,0,0,0,0,0,True,True,True,True,True
probe.h5,head,3,433,2,-0.001244954698674008,1.2419298785480402,0.010535039293092881,"[0.3008387088775635, 0.2965334355831146, 0.008601391687989235, 0.5495973229408264, 0.07334795594215393, -0.08955457806587219]",1,1,0.13478494705561342,0.18082119487062118,0.13478494705561342,0.0,0,0,0,0,0,True,True,True,True,True
probe.h5,head,3,434,3,-0.00016667512222910054,1.2387278668407726,0.013559505293432179,"[0.07255181670188904, 0.2671307921409607, -0.2343023270368576, 0.46387752890586853, 0.11487895250320435, -0.0034382566809654236]",1,1,0.08470234663629313,0.13478494705561342,0.08470234663629313,0.0,0,0,0,0,0,True,True,True,True,True
probe.h5,head,3,435,4,0.0005109436508612445,1.2351735989546326,0.015070971216837344,"[0.3234855830669403, 0.3505672216415405, -0.16620159149169922, 0.4608142673969269, 0.2863643765449524, -0.0007779262959957123]",1,1,0.05109968567642363,0.08470234663629313,0.05109968567642363,0.0,0,0,0,0,0,True,True,True,True,True
probe.h5,head,3,436,5,0.0009197411362726335,1.231318144731287,0.01574560331958796,"[0.1873474270105362, 0.2942015528678894, 0.10406810790300369, 0.4517608880996704, 0.41898801922798157, -0.08512178063392639]",1,1,0.03715779902933256,0.05109968567642363,0.03715779902933256,0.0,0,0,0,0,0,True,True,True,True,True
probe.h5,head,3,437,6,0.001217003528507294,1.2269655879196102,0.016028648382608382,"[0.28074023127555847, 0.42617738246917725, 0.047408100217580795, 0.5075320601463318, 0.3130682706832886, 0.0072128139436244965]",1,1,0.034079250274777255,0.03715779902933256,0.034079250274777255,0.0,0,0,0,0,0,True,True,True,True,True
probe.h5,head,3,438,7,0.0014896375307055121,1.22195375755199,0.016109886419788874,"[0.13529649376869202, 0.33014458417892456, 0.19423551857471466, 0.362923800945282, 0.36963140964508057, -0.022316843271255493]",1,1,0.033879648387411636,0.034079250274777255,0.033879648387411636,0.0,0,0,0,0,0,True,True,True,True,True
probe.h5,head,3,439,8,0.0017606747178048052,1.2161778990252459,0.015896317821434285,"[0.1287146359682083, 0.5217517614364624, -0.019937507808208466, 0.38080018758773804, 0.2579270899295807, -0.021645020693540573]",1,1,0.030567112345605833,0.033879648387411636,0.030567112345605833,0.0,0,0,0,0,0,True,True,True,True,True
probe.h5,head,3,440,9,0.002005211616569652,1.2097131890714448,0.015365382394524441,"[0.15529830753803253, 0.37638533115386963, -0.08816161751747131, 0.5630472302436829, 0.4113384783267975, -0.11401695013046265]",1,1,0.03378651121965976,0.030567112345605833,0.03378651121965976,0.0,0,0,0,0,0,True,True,True,True,True
probe.h5,head,3,441,10,0.00227550370632693,1.2052615777159652,0.01507944219192742,"[0.24400568008422852, 0.32287514209747314, 0.207920640707016, 0.36733898520469666, 0.39320826530456543, 0.3287232518196106]",1,1,0.0762734455713821,0.03378651121965976,0.0762734455713821,0.0,0,0,0,0,0,True,True,True,True,True
probe.h5,head,3,442,11,0.002885691270897987,1.203628800356688,0.015542287911616527,"[0.38943642377853394, 0.5600590705871582, 0.11717239022254944, 0.43190881609916687, 0.5594934225082397, 0.15336252748966217]",1,1,0.14876612576258622,0.0762734455713821,0.14876612576258622,0.0,0,0,0,0,0,True,True,True,True,True
probe.h5,head,3,443,12,0.0040758202769986766,1.2034609073188423,0.017280808211643763,"[0.2773447036743164, 0.4537637531757355, 0.38350850343704224, 0.5821924209594727, 0.4685966372489929, 0.31927263736724854]",1,1,0.22975566086290367,0.14876612576258622,0.22975566086290367,0.0,0,0,0,0,0,True,True,True,True,True
probe.h5,head,3,444,13,0.005913865563901906,1.2039725953794902,0.020466545516645694,"[0.3041320741176605, 0.6621158123016357, 0.07201416790485382, 0.4905482530593872, 0.46428993344306946, 0.21205420792102814]",1,1,0.30930308517165406,0.22975566086290367,0.30930308517165406,0.0,0,0,0,0,0,True,True,True,True,True
probe.h5,head,3,445,14,0.008388290245275138,1.2047311938880836,0.024994964395657685,"[0.3283067047595978, 0.3714168071746826, 0.08817141503095627, 0.48456960916519165, 0.4937320351600647, 0.20961886644363403]",1,1,0.3555703249996625,0.30930308517165406,0.3555703249996625,0.0,0,0,0,0,0,True,True,True,True,True
probe.h5,head,3,446,15,0.011232852845272439,1.205512894322566,0.030288522661173826,"[0.35399919748306274, 0.522030770778656, 0.009605523198843002, 0.6405217051506042, 0.3105902671813965, 0.11601335555315018]",1,1,0.3881053869921819,0.3555703249996625,0.3881053869921819,0.0,0,0,0,0,0,True,True,True,True,True
probe.h5,head,3,447,16,0.014337695941209894,1.2061970585514676,0.036180288123775245,"[0.22541800141334534, 0.44631117582321167, -0.15049095451831818, 0.3272191882133484, 0.23014631867408752, -0.08310364186763763]",1,1,0.37868547622937226,0.3881053869921819,0.37868547622937226,0.0,0,0,0,0,0,True,True,True,True,True
probe.h5,head,3,448,17,0.017367179751044872,1.206762135375828,0.041798830936421394,"[0.3567032217979431, 0.5829187631607056, -0.04262496158480644, 0.4496557414531708, 0.26006069779396057, 0.07461678981781006]",1,1,0.33748576722940477,0.37868547622937226,0.33748576722940477,0.0,0,0,0,0,0,True,True,True,True,True
probe.h5,head,3,449,18,0.02006706588888011,1.2073054450629965,0.04670751908353651,"[0.2463318258523941, 0.2916620373725891, 0.07874441146850586, 0.52688068151474, 0.13161835074424744, 0.1236201673746109]",1,1,0.2618996024638868,0.33748576722940477,0.2618996024638868,0.0,0,0,0,0,0,True,True,True,True,True
probe.h5,head,3,450,19,0.022162262708591205,1.2080896355030282,0.05049406135949101,"[0.250964879989624, 0.13682112097740173, 0.10011906921863556, 0.36119475960731506, 0.3520220220088959, 0.24629482626914978]",1,1,0.19345097762500346,0.2618996024638868,0.19345097762500346,0.0,0,0,0,0,0,True,True,True,True,True
probe.h5,head,3,451,20,0.023709870529591233,1.2089914744969925,0.05297585114761569,"[0.2527562975883484, 0.13495895266532898, 0.09272338449954987, 0.23944637179374695, 0.1477888971567154, 0.29543977975845337]",1,1,0.1637726523255698,0.19345097762500346,0.1637726523255698,0.0,0,0,0,0,0,True,True,True,True,True
probe.h5,head,3,452,21,0.02502005174819579,1.2095775190211278,0.0547270459328975,"[0.027274489402770996, 0.23540949821472168, -0.07017023861408234, 0.5138489603996277, 0.16734454035758972, 0.32886430621147156]",1,1,0.16026193673969066,0.1637726523255698,0.16026193673969066,0.0,0,0,0,0,0,True,True,True,True,True
probe.h5,head,3,453,22,0.026302147242113317,1.2096302573054452,0.05637827550589914,"[0.2591429352760315, -0.04961565136909485, 0.24747630953788757, 0.5809367895126343, 0.24007534980773926, 0.20755378901958466]",1,1,0.15832444934764986,0.16026193673969066,0.15832444934764986,0.0,0,0,0,0,0,True,True,True,True,True
probe.h5,head,3,454,23,0.027568742836894516,1.2090855518861188,0.058123094202849244,"[0.2097993642091751, 0.0041460320353507996, 0.20414569973945618, 0.3900437355041504, 0.2269577980041504, 0.13855624198913574]",1,1,0.15188254147063515,0.15832444934764986,0.15188254147063515,0.0,0,0,0,0,0,True,True,True,True,True
probe.h5,tail,3,600,169,1.3609338001643105,0.04610244998913761,1.6008120906379502,"[0.41673529148101807, 0.18459226191043854, -0.013005446642637253, 0.0712185874581337, 0.07611905783414841, 0.11251674592494965]",0,0,0.14870736737729318,0.1517559231524468,0.14870736737729318,0.0,0,0,0,0,0,True,True,True,True,True
probe.h5,tail,3,601,170,1.3621234591033289,0.05246808630818707,1.611716832892691,"[0.4628466069698334, 0.2598941922187805, -0.1493825614452362, 0.04754526913166046, -0.07913658022880554, 0.07063478231430054]",0,0,0.14812665289651306,0.14870736737729318,0.14812665289651306,0.0,0,0,0,0,0,True,True,True,True,True
probe.h5,tail,3,602,171,1.363308472326501,0.058189148963616856,1.6124616427571923,"[0.589733898639679, 0.29207515716552734, 0.1362491399049759, 0.008475825190544128, 0.1365022361278534, 0.1540464162826538]",0,0,0.1284877605184087,0.14812665289651306,0.1284877605184087,0.0,0,0,0,0,0,True,True,True,True,True
probe.h5,tail,3,603,172,1.3643363744106483,0.06277327565091513,1.6104279428073904,"[0.3969540596008301, 0.4674701690673828, 0.3045017719268799, 0.1488424837589264, 0.10700833797454834, 0.10334473848342896]",0,0,0.06784652133995372,0.1284877605184087,0.06784652133995372,0.0,0,0,0,0,0,True,True,True,True,True
probe.h5,tail,3,604,173,1.3648791465813679,0.06565632581661741,1.6104339968637686,"[0.4249792993068695, 0.37545520067214966, 0.2644589841365814, 0.09059446305036545, 0.24708285927772522, 0.007940515875816345]",0,0,0.0046182574618691685,0.06784652133995372,0.0046182574618691685,0.0,0,0,0,0,0,True,True,True,True,True
probe.h5,tail,3,605,174,1.3649160926410628,0.06651668574493197,1.6150269366670964,"[0.2937820851802826, 0.4846953749656677, 0.19830942153930664, -0.021797016263008118, 0.025261104106903076, 0.07521015405654907]",0,0,-0.021638994954359392,0.0046182574618691685,-0.021638994954359392,0.0,0,0,0,0,0,True,True,True,True,True
probe.h5,tail,3,606,175,1.364742980681428,0.06528576245576245,1.6245292029763558,"[0.26896029710769653, 0.5792988538742065, 0.3853047490119934, -0.10805138200521469, -0.05923342704772949, 0.19203989207744598]",0,0,-0.06713790586482249,-0.021638994954359392,-0.06713790586482249,0.0,0,0,0,0,0,True,True,True,True,True
probe.h5,tail,3,607,176,1.3642058774345094,0.06224018290178868,1.6361439282957368,"[0.29922622442245483, 0.1747264564037323, 0.22075745463371277, 0.032828621566295624, 0.09556485712528229, 0.19717063009738922]",0,0,-0.08798314557545428,-0.06713790586482249,-0.08798314557545428,0.0,0,0,0,0,0,True,True,True,True,True
probe.h5,tail,3,608,177,1.3635020122699057,0.06012393920660439,1.6417289258020138,"[0.14917033910751343, 0.15052621066570282, 0.13358041644096375, -0.2068275511264801, 0.10684423893690109, 0.17548072338104248]",0,0,-0.046558771442634095,-0.08798314557545428,-0.046558771442634095,0.0,0,0,0,0,0,True,True,True,True,True
probe.h5,tail,3,609,178,1.3631295420983647,0.05984388720437147,1.6445342976409691,"[0.3619406223297119, 0.5572665929794312, 0.2562045156955719, -0.03455866128206253, 0.14117386937141418, 0.3606970012187958]",0,0,-0.006063061690708693,-0.046558771442634095,-0.006063061690708693,0.0,0,0,0,0,0,True,True,True,True,True
probe.h5,tail,3,610,179,1.363081037604839,0.06047561781992738,1.6465253853058013,"[0.2610205113887787, 0.30947548151016235, 0.08088529109954834, -0.052426777780056, 0.21069401502609253, -0.008798107504844666]",0,0,0.024029903313266265,-0.006063061690708693,0.024029903313266265,0.0,0,0,0,0,0,True,True,True,True,True
probe.h5,tail,3,611,180,1.3632732768313451,0.06168378373978486,1.6491724764128213,"[0.24394680559635162, 0.3964846432209015, 0.0671180859208107, 0.13726098835468292, 0.08646182715892792, 0.23493677377700806]",0,0,0.04547927066567148,0.024029903313266265,0.04547927066567148,0.0,0,0,0,0,0,True,True,True,True,True
probe.h5,tail,3,612,181,1.3636371109966705,0.06329905336349712,1.6533073223908958,"[0.46961623430252075, 0.21077439188957214, 0.05941333249211311, 0.05339892953634262, 0.07066372036933899, 0.26148998737335205]",0,0,0.0657863334442288,0.04547927066567148,0.0657863334442288,0.0,0,0,0,0,0,True,True,True,True,True
probe.h5,tail,3,613,182,1.3641634016642243,0.06557007436730711,1.66126245906411,"[0.266913503408432, 0.35950547456741333, 0.1111103892326355, 0.16334466636180878, -0.008655637502670288, 0.4234054386615753]",0,0,0.07335526530310998,0.0657863334442288,0.07335526530310998,0.0,0,0,0,0,0,True,True,True,True,True
probe.h5,tail,3,614,183,1.3647502437866492,0.06858320953205875,1.6729415020170189,"[0.6161369681358337, 0.3077409863471985, 0.07768815755844116, 0.4035962224006653, 0.13316425681114197, 0.18328016996383667]",0,0,0.09850690403198636,0.07335526530310998,0.09850690403198636,0.0,0,0,0,0,0,True,True,True,True,True
probe.h5,tail,3,615,184,1.365538299018905,0.07245745118784788,1.6891253132926576,"[0.36553293466567993, 0.3827514946460724, 0.05670596659183502, 0.09733172506093979, 0.14693871140480042, 0.15449899435043335]",0,0,0.09941833814897105,0.09850690403198636,0.09941833814897105,0.0,0,0,0,0,0,True,True,True,True,True
probe.h5,tail,3,616,185,1.3663336457240969,0.07552800025494529,1.7022403206857366,"[0.34636348485946655, 0.27062299847602844, 0.136165052652359, 0.052810147404670715, 0.050762519240379333, 0.3574855625629425]",0,0,0.09500106772364347,0.09941833814897105,0.09500106772364347,0.0,0,0,0,0,0,True,True,True,True,True
probe.h5,tail,3,617,186,1.367093654265886,0.07811682973195534,1.7084623781693855,"[0.44687408208847046, 0.41073086857795715, 0.19177865982055664, 0.15564221143722534, 0.04959600046277046, 0.2493906319141388]",0,0,0.08846519606836578,0.09500106772364347,0.08846519606836578,0.0,0,0,0,0,0,True,True,True,True,True
probe.h5,tail,3,618,187,1.367801375834433,0.08032877730328047,1.7097902857095462,"[0.4921056628227234, 0.22855445742607117, 0.27542728185653687, 0.15497547388076782, -0.01534201204776764, 0.2280087172985077]",0,0,0.08575834360990964,0.08846519606836578,0.08575834360990964,0.0,0,0,0,0,0,True,True,True,True,True
probe.h5,tail,3,619,188,1.3684874425833122,0.08255799906482125,1.707545305475583,"[0.35087308287620544, 0.331478089094162, 0.024937108159065247, 0.27234092354774475, -0.01338796317577362, 0.022289857268333435]",0,0,0.096881507857971,0.08575834360990964,0.096881507857971,0.0,0,0,0,0,0,True,True,True,True,True
probe.h5,tail,3,620,189,1.369262494646176,0.0845448878214699,1.7038718151837822,"[0.33774927258491516, 0.09993509948253632, 0.06618351489305496, 0.26322507858276367, 0.1298883706331253, 0.09844152629375458]",0,0,0.1128751283245577,0.096881507857971,0.1128751283245577,0.0,0,0,0,0,0,True,True,True,True,True
probe.h5,tail,3,621,190,1.3701654956727725,0.08602087655744073,1.7002056856258383,"[0.3244265019893646, 0.4734739363193512, 0.08975571393966675, 0.15404188632965088, 0.1704472005367279, 0.464560329914093]",0,0,0.1087368378519249,0.1128751283245577,0.1087368378519249,0.0,0,0,0,0,0,True,True,True,True,True
probe.h5,tail,3,622,191,1.3710353903755879,0.08678143856648737,1.6971844081064273,"[0.5108181834220886, 0.303701251745224, 0.09699064493179321, 0.20130175352096558, 0.000997975468635559, 0.10183608531951904]",0,0,0.10047755645914425,0.1087368378519249,0.10047755645914425,0.0,0,0,0,0,0,True,True,True,True,True
probe.h5,tail,3,623,192,1.371839210827261,0.08671782363851305,1.695348156954342,"[0.3672753870487213, 0.19176675379276276, 0.05685953423380852, 0.13558198511600494, 0.29501813650131226, 0.11435578763484955]",0,0,0.09947624301079316,0.10047755645914425,,,0,0,0,0,0,False,True,True,,True
